Workbook

Sheet Read Me
B1: MPP Part Data Collection Template
B2: Madison Precision Products / for the new Ignition MES
B4: Purpose | C4: Capture the CURRENT, authoritative part list and its configuration so it can be loaded into the new MES. The legacy MES does not deprecate old parts/BOMs, and many active parts live only in the 3rd-party app. This sheet is where you tell us what is real, what is retired, and where each part's data actually lives.
B6: How to fill it in | C6: Fill one row per part on the 'Parts' tab. Add packaging rules on the 'Packaging' tab (finished / shippable parts only). List assembly make-up on the 'BOM' tab. Grey/italic EXAMPLE rows show the expected format - delete them before returning. Cells with a drop-down arrow have a fixed list; please pick from it.
B8: * Required | C8: Columns marked * in the header must be filled for every row.
B9: Currently Active? | C9: THE key question. Because the legacy system never retired parts, tell us Yes = still produced/valid, No = dead/obsolete. We only load the active set.
B10: Source of Truth | C10: Where the real data for this part lives today: 'Legacy MES', '3rd-Party App', or 'Both'. This is how we know which system to trust when they disagree.
B11: Macola / 3rd-Party Part # | C11: If the part is tracked in the 3rd-party app (or Macola ERP) under a different number, put that number here so we can cross-reference.
B13: Field | C13: Meaning
B14: Item Type | C14: RawMaterial / Component / SubAssembly / FinishedGood / PassThrough. (Castings = Component; purchased hardware = Component; the final shippable part = FinishedGood.)
B15: Unit of Measure | C15: How the part is counted: EA (each) / PCS (pieces) / LB / KG / IN / MM.
B16: Parts Per Basket | C16: Max pieces in a production LOT/basket for this part (the 'Parts Per Basket' value from the current system).
B17: Default Sub-Lot Qty | C17: For machined parts: the qty a machining-out sub-lot is split into. Leave blank if not applicable.
B18: Trays Per Container / Parts Per Tray | C18: Honda packing rule for shippable parts: how many trays make a full container, and how many parts fill one tray.
... B24: Questions? | C24: Send the completed workbook back to Blue Ridge Automation. Contact your Blue Ridge project lead with any questions.

Sheet Parts
A1: One row per part. Grey EXAMPLE rows show the format - delete them before returning. Columns marked * are required.
A2: Part Number * | B2: Description | C2: Item Type * | D2: Program | E2: Customer | F2: Unit of Measure * | G2: Unit Weight | H2: Weight UoM | I2: Parts Per Basket | J2: Default Sub-Lot Qty | K2: Macola / 3rd-Party Part # | L2: Source of Truth * | M2: Currently Active? * | N2: Notes
A3: 1223A-59B -A0002 | B3: 59B Cam-Rocker Holder Set | C3: FinishedGood | D3: 59B | E3: Honda | F3: EA | G3: 2.4 | H3: LB | I3: 60 | K3: 1223A59B | L3: Both | M3: Yes | N3: EXAMPLE - for reference. Assembled at MA2-59B; see Packaging + BOM tabs
A4: 12231-59B-0000 | B4: 59B Cam Holder IN #1 Casting | C4: Component | D4: 59B | E4: Honda | F4: EA | G4: 0.8 | H4: LB | I4: 30 | J4: 15 | L4: Legacy MES | M4: Yes | N4: EXAMPLE - for reference. Die Cast DC2 -> Trim -> Machining
A5: 90701-5R0-3000 | B5: Dowel Pin 8x14 (purchased hardware) | C5: Component | D5: 59B | E5: Honda | F5: EA | G5: 0.02 | H5: LB | I5: 500 | L5: 3rd-Party App | M5: Yes | N5: EXAMPLE - for reference. Purchased; 19 used per Cam-Rocker Set
A6: 5G0-FG | B6: 5G0 Sensor Housing (serialized) | C6: FinishedGood | D6: 5G0 | E6: Honda | F6: EA | G6: 1.1 | H6: LB | I6: 24 | K6: 5G0FG | L6: Both | M6: Yes | N6: EXAMPLE - for reference. Serialized MIP line; see Packaging tab

Sheet Packaging
A1: Finished / shippable parts only - the Honda packing rule per part. Part Number must match a row on the Parts tab.
A2: Part Number * | B2: Trays Per Container * | C2: Parts Per Tray * | D2: Serialized? | E2: Closure Method | F2: Target Weight (if ByWeight) | G2: Dunnage Code | H2: Customer Code | I2: Notes
A3: {=IFERROR(INDEX(_xlfn._xlws.FILTER(Parts!$A$3:$A$1000,(Parts!$C$3:$C$1000="FinishedGood")*(Parts!$A$3:$A$1000<>"")),ROWS(A$3:A3)),"")} -> 1223A-59B -A0002 | B3: 22 | C3: 12 | D3: No | E3: Camera
A4: {=IFERROR(INDEX(_xlfn._xlws.FILTER(Parts!$A$3:$A$1000,(Parts!$C$3:$C$1000="FinishedGood")*(Parts!$A$3:$A$1000<>"")),ROWS(A$3:A4)),"")} -> 5G0-FG | B4: 1 | C4: 6 | D4: Yes | E4: Camera
A5: {=IFERROR(INDEX(_xlfn._xlws.FILTER(Parts!$A$3:$A$1000,(Parts!$C$3:$C$1000="FinishedGood")*(Parts!$A$3:$A$1000<>"")),ROWS(A$3:A5)),"")}
A6: {=IFERROR(INDEX(_xlfn._xlws.FILTER(Parts!$A$3:$A$1000,(Parts!$C$3:$C$1000="FinishedGood")*(Parts!$A$3:$A$1000<>"")),ROWS(A$3:A6)),"")}
A7: {=IFERROR(INDEX(_xlfn._xlws.FILTER(Parts!$A$3:$A$1000,(Parts!$C$3:$C$1000="FinishedGood")*(Parts!$A$3:$A$1000<>"")),ROWS(A$3:A7)),"")}
A8: {=IFERROR(INDEX(_xlfn._xlws.FILTER(Parts!$A$3:$A$1000,(Parts!$C$3:$C$1000="FinishedGood")*(Parts!$A$3:$A$1000<>"")),ROWS(A$3:A8)),"")}
A9: {=IFERROR(INDEX(_xlfn._xlws.FILTER(Parts!$A$3:$A$1000,(Parts!$C$3:$C$1000="FinishedGood")*(Parts!$A$3:$A$1000<>"")),ROWS(A$3:A9)),"")}
A10: {=IFERROR(INDEX(_xlfn._xlws.FILTER(Parts!$A$3:$A$1000,(Parts!$C$3:$C$1000="FinishedGood")*(Parts!$A$3:$A$1000<>"")),ROWS(A$3:A10)),"")}
A11: {=IFERROR(INDEX(_xlfn._xlws.FILTER(Parts!$A$3:$A$1000,(Parts!$C$3:$C$1000="FinishedGood")*(Parts!$A$3:$A$1000<>"")),ROWS(A$3:A11)),"")}
A12: {=IFERROR(INDEX(_xlfn._xlws.FILTER(Parts!$A$3:$A$1000,(Parts!$C$3:$C$1000="FinishedGood")*(Parts!$A$3:$A$1000<>"")),ROWS(A$3:A12)),"")}
A13: {=IFERROR(INDEX(_xlfn._xlws.FILTER(Parts!$A$3:$A$1000,(Parts!$C$3:$C$1000="FinishedGood")*(Parts!$A$3:$A$1000<>"")),ROWS(A$3:A13)),"")}
A14: {=IFERROR(INDEX(_xlfn._xlws.FILTER(Parts!$A$3:$A$1000,(Parts!$C$3:$C$1000="FinishedGood")*(Parts!$A$3:$A$1000<>"")),ROWS(A$3:A14)),"")}
A15: {=IFERROR(INDEX(_xlfn._xlws.FILTER(Parts!$A$3:$A$1000,(Parts!$C$3:$C$1000="FinishedGood")*(Parts!$A$3:$A$1000<>"")),ROWS(A$3:A15)),"")}
A16: {=IFERROR(INDEX(_xlfn._xlws.FILTER(Parts!$A$3:$A$1000,(Parts!$C$3:$C$1000="FinishedGood")*(Parts!$A$3:$A$1000<>"")),ROWS(A$3:A16)),"")}
... A52: {=IFERROR(INDEX(_xlfn._xlws.FILTER(Parts!$A$3:$A$1000,(Parts!$C$3:$C$1000="FinishedGood")*(Parts!$A$3:$A$1000<>"")),ROWS(A$3:A52)),"")}
A53: 1223A-59B -A0002 | B53: 4 | C53: 15 | D53: No | E53: ByWeight | F53: 75 | G53: HND-DUN-59B | H53: HCM | I53: EXAMPLE - for reference. Weight-validated tray close
A54: 5G0-FG | B54: 4 | C54: 12 | D54: Yes | E54: ByCount | I54: EXAMPLE - for reference. Serialized MIP line

Sheet BOM
A1: Assembly make-up: one row per component in a parent. Repeat the parent for each component. Both part numbers must exist on the Parts tab.
A2: Parent Part Number * | B2: Component Part Number * | C2: Qty Per * | D2: Notes
A3: {=IFERROR(INDEX(_xlfn._xlws.FILTER(Parts!$A$3:$A$1000,((Parts!$C$3:$C$1000="FinishedGood")+(Parts!$C$3:$C$1000="SubAssembly"))*(Parts!$A$3:$A$1000<>"")),ROWS(A$3:A3)),"")} -> 1223A-59B -A0002 | D3: Just an example
A4: 1223A-59B -A0002 | B4: 90701-5R0-3000 | C4: 20 | D4: Pins consumed
A5: 5G0-FG | B5: 12231-59B-0000 | C5: 1 | D5: casting consumed
A7: {=IFERROR(INDEX(_xlfn._xlws.FILTER(Parts!$A$3:$A$1000,((Parts!$C$3:$C$1000="FinishedGood")+(Parts!$C$3:$C$1000="SubAssembly"))*(Parts!$A$3:$A$1000<>"")),ROWS(A$3:A7)),"")}
A8: {=IFERROR(INDEX(_xlfn._xlws.FILTER(Parts!$A$3:$A$1000,((Parts!$C$3:$C$1000="FinishedGood")+(Parts!$C$3:$C$1000="SubAssembly"))*(Parts!$A$3:$A$1000<>"")),ROWS(A$3:A8)),"")}
A9: {=IFERROR(INDEX(_xlfn._xlws.FILTER(Parts!$A$3:$A$1000,((Parts!$C$3:$C$1000="FinishedGood")+(Parts!$C$3:$C$1000="SubAssembly"))*(Parts!$A$3:$A$1000<>"")),ROWS(A$3:A9)),"")}
A10: {=IFERROR(INDEX(_xlfn._xlws.FILTER(Parts!$A$3:$A$1000,((Parts!$C$3:$C$1000="FinishedGood")+(Parts!$C$3:$C$1000="SubAssembly"))*(Parts!$A$3:$A$1000<>"")),ROWS(A$3:A10)),"")}
A11: {=IFERROR(INDEX(_xlfn._xlws.FILTER(Parts!$A$3:$A$1000,((Parts!$C$3:$C$1000="FinishedGood")+(Parts!$C$3:$C$1000="SubAssembly"))*(Parts!$A$3:$A$1000<>"")),ROWS(A$3:A11)),"")}
A12: {=IFERROR(INDEX(_xlfn._xlws.FILTER(Parts!$A$3:$A$1000,((Parts!$C$3:$C$1000="FinishedGood")+(Parts!$C$3:$C$1000="SubAssembly"))*(Parts!$A$3:$A$1000<>"")),ROWS(A$3:A12)),"")}
A13: {=IFERROR(INDEX(_xlfn._xlws.FILTER(Parts!$A$3:$A$1000,((Parts!$C$3:$C$1000="FinishedGood")+(Parts!$C$3:$C$1000="SubAssembly"))*(Parts!$A$3:$A$1000<>"")),ROWS(A$3:A13)),"")}
A14: {=IFERROR(INDEX(_xlfn._xlws.FILTER(Parts!$A$3:$A$1000,((Parts!$C$3:$C$1000="FinishedGood")+(Parts!$C$3:$C$1000="SubAssembly"))*(Parts!$A$3:$A$1000<>"")),ROWS(A$3:A14)),"")}
A15: {=IFERROR(INDEX(_xlfn._xlws.FILTER(Parts!$A$3:$A$1000,((Parts!$C$3:$C$1000="FinishedGood")+(Parts!$C$3:$C$1000="SubAssembly"))*(Parts!$A$3:$A$1000<>"")),ROWS(A$3:A15)),"")}
A16: {=IFERROR(INDEX(_xlfn._xlws.FILTER(Parts!$A$3:$A$1000,((Parts!$C$3:$C$1000="FinishedGood")+(Parts!$C$3:$C$1000="SubAssembly"))*(Parts!$A$3:$A$1000<>"")),ROWS(A$3:A16)),"")}
A17: {=IFERROR(INDEX(_xlfn._xlws.FILTER(Parts!$A$3:$A$1000,((Parts!$C$3:$C$1000="FinishedGood")+(Parts!$C$3:$C$1000="SubAssembly"))*(Parts!$A$3:$A$1000<>"")),ROWS(A$3:A17)),"")}
A18: {=IFERROR(INDEX(_xlfn._xlws.FILTER(Parts!$A$3:$A$1000,((Parts!$C$3:$C$1000="FinishedGood")+(Parts!$C$3:$C$1000="SubAssembly"))*(Parts!$A$3:$A$1000<>"")),ROWS(A$3:A18)),"")}
... A52: {=IFERROR(INDEX(_xlfn._xlws.FILTER(Parts!$A$3:$A$1000,((Parts!$C$3:$C$1000="FinishedGood")+(Parts!$C$3:$C$1000="SubAssembly"))*(Parts!$A$3:$A$1000<>"")),ROWS(A$3:A52)),"")}
A53: 1223A-59B -A0002 | B53: 12231-59B-0000 | C53: 1 | D53: EXAMPLE - for reference. One casting per set
A54: 1223A-59B -A0002 | B54: 90701-5R0-3000 | C54: 19 | D54: EXAMPLE - for reference. 19 dowel pins per set
