Workbook

Sheet Cover
A1: MPP MES — Factory Acceptance Test (FAT)
A2: Madison Precision Products, Inc. · Blue Ridge Automation
A4: Measured against | B4: MPP MES Functional Design Specification (FDS) — FRS crosswalk shown per requirement
A5: Scope | B5: Full MVP / MVP-EXPANDED — Config Tool (Arc 1) + Plant Floor (Arc 2)
A6: FDS requirements | B6: 226 in-scope · 9 conditional · 7 out-of-scope (see Coverage sheet)
A7: Total test steps | B7: 367
A8: In-scope requirements with no test | B8: 0
A10: ENVIRONMENT UNDER TEST (fill in at witnessing)
A11: Ignition Gateway version
A12: SQL Server / database
A13: Git commit / build tag
A14: Test date(s)
A16: SIGN-OFF
A17: Role | B17: Name | D17: Signature | E17: Date
A18: MPP — Acceptance
A19: MPP — Quality
A20: Blue Ridge — Lead
A22: ROLL-UP (live — updates as Result cells are filled)
A23: Area | B23: Total | C23: Pass | D23: Fail | E23: N/A | F23: Open
A24: Environment & Platform | B24: 27 | C24: =COUNTIF('Environment & Platform'!F:F,"Pass") | D24: =COUNTIF('Environment & Platform'!F:F,"Fail") | E24: =COUNTIF('Environment & Platform'!F:F,"N/A") | F24: =B24-C24-D24-E24
A25: Plant Hierarchy | B25: 14 | C25: =COUNTIF('Plant Hierarchy'!F:F,"Pass") | D25: =COUNTIF('Plant Hierarchy'!F:F,"Fail") | E25: =COUNTIF('Plant Hierarchy'!F:F,"N/A") | F25: =B25-C25-D25-E25
A26: Item Master | B26: 8 | C26: =COUNTIF('Item Master'!F:F,"Pass") | D26: =COUNTIF('Item Master'!F:F,"Fail") | E26: =COUNTIF('Item Master'!F:F,"N/A") | F26: =B26-C26-D26-E26
A27: Routes & BOMs | B27: 12 | C27: =COUNTIF('Routes & BOMs'!F:F,"Pass") | D27: =COUNTIF('Routes & BOMs'!F:F,"Fail") | E27: =COUNTIF('Routes & BOMs'!F:F,"N/A") | F27: =B27-C27-D27-E27
A28: Op Templates & Quality Specs | B28: 9 | C28: =COUNTIF('Op Templates & Quality Specs'!F:F,"Pass") | D28: =COUNTIF('Op Templates & Quality Specs'!F:F,"Fail") | E28: =COUNTIF('Op Templates & Quality Specs'!F:F,"N/A") | F28: =B28-C28-D28-E28
A29: Container Configs | B29: 7 | C29: =COUNTIF('Container Configs'!F:F,"Pass") | D29: =COUNTIF('Container Configs'!F:F,"Fail") | E29: =COUNTIF('Container Configs'!F:F,"N/A") | F29: =B29-C29-D29-E29
A30: Code Tables | B30: 10 | C30: =COUNTIF('Code Tables'!F:F,"Pass") | D30: =COUNTIF('Code Tables'!F:F,"Fail") | E30: =COUNTIF('Code Tables'!F:F,"N/A") | F30: =B30-C30-D30-E30
A31: Shift Schedules | B31: 8 | C31: =COUNTIF('Shift Schedules'!F:F,"Pass") | D31: =COUNTIF('Shift Schedules'!F:F,"Fail") | E31: =COUNTIF('Shift Schedules'!F:F,"N/A") | F31: =B31-C31-D31-E31
A32: PLC Device Mapping | B32: 23 | C32: =COUNTIF('PLC Device Mapping'!F:F,"Pass") | D32: =COUNTIF('PLC Device Mapping'!F:F,"Fail") | E32: =COUNTIF('PLC Device Mapping'!F:F,"N/A") | F32: =B32-C32-D32-E32
A33: Users & Attribution | B33: 19 | C33: =COUNTIF('Users & Attribution'!F:F,"Pass") | D33: =COUNTIF('Users & Attribution'!F:F,"Fail") | E33: =COUNTIF('Users & Attribution'!F:F,"N/A") | F33: =B33-C33-D33-E33
A34: Terminal & Login | B34: 16 | C34: =COUNTIF('Terminal & Login'!F:F,"Pass") | D34: =COUNTIF('Terminal & Login'!F:F,"Fail") | E34: =COUNTIF('Terminal & Login'!F:F,"N/A") | F34: =B34-C34-D34-E34
A35: Die Cast | B35: 20 | C35: =COUNTIF('Die Cast'!F:F,"Pass") | D35: =COUNTIF('Die Cast'!F:F,"Fail") | E35: =COUNTIF('Die Cast'!F:F,"N/A") | F35: =B35-C35-D35-E35
A36: Trim | B36: 9 | C36: =COUNTIF('Trim'!F:F,"Pass") | D36: =COUNTIF('Trim'!F:F,"Fail") | E36: =COUNTIF('Trim'!F:F,"N/A") | F36: =B36-C36-D36-E36
A37: Machining | B37: 20 | C37: =COUNTIF('Machining'!F:F,"Pass") | D37: =COUNTIF('Machining'!F:F,"Fail") | E37: =COUNTIF('Machining'!F:F,"N/A") | F37: =B37-C37-D37-E37
A38: Assembly | B38: 24 | C38: =COUNTIF('Assembly'!F:F,"Pass") | D38: =COUNTIF('Assembly'!F:F,"Fail") | E38: =COUNTIF('Assembly'!F:F,"N/A") | F38: =B38-C38-D38-E38
A39: Third-Party Inspection | B39: 4 | C39: =COUNTIF('Third-Party Inspection'!F:F,"Pass") | D39: =COUNTIF('Third-Party Inspection'!F:F,"Fail") | E39: =COUNTIF('Third-Party Inspection'!F:F,"N/A") | F39: =B39-C39-D39-E39
A40: Quality Capture & Holds | B40: 25 | C40: =COUNTIF('Quality Capture & Holds'!F:F,"Pass") | D40: =COUNTIF('Quality Capture & Holds'!F:F,"Fail") | E40: =COUNTIF('Quality Capture & Holds'!F:F,"N/A") | F40: =B40-C40-D40-E40
A41: Movements & Inventory | B41: 22 | C41: =COUNTIF('Movements & Inventory'!F:F,"Pass") | D41: =COUNTIF('Movements & Inventory'!F:F,"Fail") | E41: =COUNTIF('Movements & Inventory'!F:F,"N/A") | F41: =B41-C41-D41-E41
A42: LOT Traceability & Genealogy | B42: 35 | C42: =COUNTIF('LOT Traceability & Genealogy'!F:F,"Pass") | D42: =COUNTIF('LOT Traceability & Genealogy'!F:F,"Fail") | E42: =COUNTIF('LOT Traceability & Genealogy'!F:F,"N/A") | F42: =B42-C42-D42-E42
A43: Shift & Downtime | B43: 23 | C43: =COUNTIF('Shift & Downtime'!F:F,"Pass") | D43: =COUNTIF('Shift & Downtime'!F:F,"Fail") | E43: =COUNTIF('Shift & Downtime'!F:F,"N/A") | F43: =B43-C43-D43-E43
A44: Labels & Printing | B44: 18 | C44: =COUNTIF('Labels & Printing'!F:F,"Pass") | D44: =COUNTIF('Labels & Printing'!F:F,"Fail") | E44: =COUNTIF('Labels & Printing'!F:F,"N/A") | F44: =B44-C44-D44-E44
A45: Audit Browser | B45: 14 | C45: =COUNTIF('Audit Browser'!F:F,"Pass") | D45: =COUNTIF('Audit Browser'!F:F,"Fail") | E45: =COUNTIF('Audit Browser'!F:F,"N/A") | F45: =B45-C45-D45-E45

Sheet Coverage
A1: FDS | B1: Title | C1: Section | D1: Area | E1: Scope | F1: FRS crosswalk | G1: Covering TestIDs | H1: Coverage
A2: FDS-01-001 | B2: Ignition Gateway | C2: 1.2 System Topology | D2: Environment & Platform | E2: MVP | G2: FAT-ENV-010, FAT-ENV-020 | H2: Covered (2)
A3: FDS-01-002 | B3: Database Server | C3: 1.2 System Topology | D3: Environment & Platform | E3: MVP | G3: FAT-ENV-030 | H3: Covered (1)
A4: FDS-01-003 | B4: Redundancy | C4: 1.2 System Topology | D4: Environment & Platform | E4: MVP | G4: FAT-ENV-040 | H4: Covered (1)
A5: FDS-01-004 | B5: Development/Test Environment | C5: 1.2 System Topology | D5: Environment & Platform | E5: MVP | G5: FAT-ENV-050 | H5: Covered (1)
A6: FDS-01-005 | B6: Event Immutability | C6: 1.4 Data Flow Architecture | D6: Environment & Platform | E6: MVP | F6: 3.5.4, 3.9.6 | G6: FAT-ENV-060 | H6: Covered (1)
A7: FDS-01-006 | B7: External Interface Dispatch Pattern | C7: 1.4 Data Flow Architecture | D7: Environment & Platform | E7: MVP | F7: 3.17.4, 5.5.1 | G7: FAT-ENV-070 | H7: Covered (1)
A8: FDS-01-007 | B8: Tag Historian Separation | C8: 1.4 Data Flow Architecture | D8: Environment & Platform | E8: MVP | F8: 3.4.10, 5.5.1 | G8: FAT-ENV-080 | H8: Covered (1)
A9: FDS-01-013 | B9: BOM Source System at Cutover | C9: 1.4 Data Flow Architecture | D9: Environment & Platform | E9: MVP | G9: FAT-ENV-090, FAT-ENV-100 | H9: Covered (2)
A10: FDS-01-008 | B10: OPC Server Connections | C10: 1.5 OPC Connection Architecture | D10: Environment & Platform | E10: MVP | G10: FAT-ENV-110 | H10: Covered (1)
A11: FDS-01-009 | B11: OPC Tag Namespace | C11: 1.5 OPC Connection Architecture | D11: Environment & Platform | E11: MVP | G11: FAT-ENV-120 | H11: Covered (1)
A12: FDS-01-010 | B12: Authentication | C12: 1.6 Security Architecture | D12: Environment & Platform | E12: MVP | F12: 5.3 | G12: FAT-ENV-130, FAT-ENV-140 | H12: Covered (2)
A13: FDS-01-011 | B13: Authorization | C13: 1.6 Security Architecture | D13: Environment & Platform | E13: MVP | G13: FAT-ENV-150 | H13: Covered (1)
A14: FDS-01-012 | B14: Audit Attribution | C14: 1.6 Security Architecture | D14: Environment & Platform | E14: MVP | G14: FAT-ENV-160 | H14: Covered (1)
A15: FDS-01-014 | B15: External Integration Pattern (Gateway-script-async) | C15: 1.6 Security Architecture | D15: Environment & Platform | E15: MVP | G15: FAT-ENV-170, FAT-ENV-180 | H15: Covered (2)
A16: FDS-02-001 | B16: ISA-95 Location Types | C16: 2.2 Location Type Hierarchy | D16: Plant Hierarchy | E16: MVP | G16: FAT-PH-010, FAT-PH-020 | H16: Covered (2)
A17: FDS-02-002 | B17: Hierarchy Enforcement | C17: 2.2 Location Type Hierarchy | D17: Plant Hierarchy | E17: MVP | G17: FAT-PH-030, FAT-PH-040 | H17: Covered (2)
A18: FDS-02-003 | B18: Areas as Instances | C18: 2.2 Location Type Hierarchy | D18: Plant Hierarchy | E18: MVP | F18: 3.3.2, 3.7.1 | G18: FAT-PH-050 | H18: Covered (1)
A19: FDS-02-004 | B19: Location Type Definitions (Kinds) | C19: 2.3 Polymorphic Kinds and Configurable Attributes | D19: Plant Hierarchy | E19: MVP | G19: FAT-PH-060, FAT-PH-070 | H19: Covered (2)
A20: FDS-02-005 | B20: Attribute Schemas per Definition | C20: 2.3 Polymorphic Kinds and Configurable Attributes | D20: Plant Hierarchy | E20: MVP | G20: FAT-PH-080 | H20: Covered (1)
A21: FDS-02-006 | B21: Attribute Value Integrity | C21: 2.3 Polymorphic Kinds and Configurable Attributes | D21: Plant Hierarchy | E21: MVP | G21: FAT-PH-090 | H21: Covered (1)
A22: FDS-02-007 | B22: Machine Seed Data | C22: 2.4 Seed Data | D22: Plant Hierarchy | E22: MVP | G22: FAT-PH-100 | H22: Covered (1)
A23: FDS-02-008 | B23: Terminal as Cell Kind | C23: 2.5 Terminals | D23: Terminal & Login | E23: MVP | G23: FAT-TERM-010, FAT-TERM-020, FAT-TERM-030, FAT-TERM-040 | H23: Covered (4)
A24: FDS-02-009 | B24: Cell Context Selection | C24: 2.5 Terminals | D24: Terminal & Login | E24: MVP | G24: FAT-TERM-060, FAT-TERM-070, FAT-TERM-080 | H24: Covered (3)
A25: FDS-02-010 | B25: Terminal Behavior Determined by Assigned View | C25: 2.5 Terminals | D25: Terminal & Login | E25: MVP | G25: FAT-TERM-090, FAT-TERM-100 | H25: Covered (2)
A26: FDS-02-011 | B26: Cell Context Change Rules | C26: 2.5 Terminals | D26: Terminal & Login | E26: MVP | G26: FAT-TERM-110, FAT-TERM-120 | H26: Covered (2)
A27: FDS-02-012 | B27: Part ↔ Cell Eligibility | C27: 2.5 Terminals | D27: Terminal & Login | E27: MVP | G27: FAT-TERM-130, FAT-TERM-140, FAT-TERM-150 | H27: Covered (3)
A28: FDS-02-013 | B28: Mobile-Friendly Design Input | C28: 2.5 Terminals | D28: Terminal & Login | E28: MVP | G28: FAT-TERM-160 | H28: Covered (1)
A29: FDS-02-014 | B29: Honda RFID Forward-Compatibility | C29: 2.5 Terminals | D29: Terminal & Login | E29: FUTURE | H29: Out-of-scope
A30: FDS-03-001 | B30: Item Records | C30: 3.1 Item Master | D30: Item Master | E30: MVP | G30: FAT-ITM-010, FAT-ITM-020, FAT-ITM-030, FAT-ITM-040, FAT-ITM-050 | H30: Covered (5)
A31: FDS-03-002 | B31: Item Types | C31: 3.1 Item Master | D31: Item Master | E31: MVP | G31: FAT-ITM-060 | H31: Covered (1)
A32: FDS-03-003 | B32: Item Deprecation | C32: 3.1 Item Master | D32: Item Master | E32: MVP | G32: FAT-ITM-070 | H32: Covered (1)
A33: FDS-03-004 | B33: BOM Structure | C33: 3.2 Bills of Material | D33: Routes & BOMs | E33: MVP | F33: 3.4.2 | G33: FAT-RB-010, FAT-RB-020 | H33: Covered (2)
A34: FDS-03-005 | B34: BOM Versioning | C34: 3.2 Bills of Material | D34: Routes & BOMs | E34: MVP | G34: FAT-RB-030, FAT-RB-040 | H34: Covered (2)
A35: FDS-03-006 | B35: Single-Level BOMs | C35: 3.2 Bills of Material | D35: Routes & BOMs | E35: MVP | G35: FAT-RB-050 | H35: Covered (1)
A36: FDS-03-007 | B36: Route Structure | C36: 3.3 Route Templates | D36: Routes & BOMs | E36: MVP | F36: 3.11.1–3.11.4 | G36: FAT-RB-060 | H36: Covered (1)
A37: FDS-03-008 | B37: Route Steps | C37: 3.3 Route Templates | D37: Routes & BOMs | E37: MVP | G37: FAT-RB-070, FAT-RB-080 | H37: Covered (2)
A38: FDS-03-009 | B38: Route Steps Do Not Prescribe Machines | C38: 3.3 Route Templates | D38: Routes & BOMs | E38: MVP | G38: FAT-RB-090 | H38: Covered (1)
A39: FDS-03-010 | B39: Route Versioning | C39: 3.3 Route Templates | D39: Routes & BOMs | E39: MVP | G39: FAT-RB-100 | H39: Covered (1)
A40: FDS-03-011 | B40: Operation Sequence Flexibility | C40: 3.3 Route Templates | D40: Routes & BOMs | E40: MVP | F40: 3.11.10 | G40: FAT-RB-110 | H40: Covered (1)
A41: FDS-03-012 | B41: Operation Template Design | C41: 3.4 Operation Templates | D41: Op Templates & Quality Specs | E41: MVP | G41: FAT-OQ-010, FAT-OQ-020, FAT-OQ-030 | H41: Covered (3)
A42: FDS-03-013 | B42: Operation Templates Drive Screen Behavior | C42: 3.4 Operation Templates | D42: Op Templates & Quality Specs | E42: MVP | F42: 3.11.6 | G42: FAT-OQ-040 | H42: Covered (1)
A43: FDS-03-014 | B43: Eligibility Map with Hierarchy Cascade | C43: 3.5 Part-to-Location Eligibility | D43: Plant Hierarchy | E43: MVP | F43: 3.4.7 | G43: FAT-PH-110, FAT-PH-120 | H43: Covered (2)
A44: FDS-03-015 | B44: Eligibility Management | C44: 3.5 Part-to-Location Eligibility | D44: Plant Hierarchy | E44: MVP | G44: FAT-PH-130 | H44: Covered (1)
A45: FDS-03-018 | B45: Consumption Metadata on Item-Location Eligibility | C45: 3.5 Part-to-Location Eligibility | D45: Plant Hierarchy | E45: MVP | G45: FAT-PH-140 | H45: Covered (1)
A46: FDS-03-016 | B46: Container Config | C46: 3.6 Container Configuration | D46: Container Configs | E46: MVP | F46: 3.9.7 | G46: FAT-CC-010, FAT-CC-020 | H46: Covered (2)
A47: FDS-03-017 | B47: Container Closure Logic | C47: 3.6 Container Configuration | D47: Container Configs | E47: MVP | G47: FAT-CC-030, FAT-CC-040 | H47: Covered (2)
A48: FDS-03-019 | B48: Per-Item Per-Location Piece Cap | C48: 3.6 Container Configuration | D48: Container Configs | E48: MVP | G48: FAT-CC-050 | H48: Covered (1)
A49: FDS-03-020 | B49: Lineside Inventory Cap | C49: 3.6 Container Configuration | D49: Container Configs | E49: MVP | G49: FAT-CC-060 | H49: Covered (1)
A50: FDS-03-021 | B50: Tray-Divisibility Validation on Work Order | C50: 3.6 Container Configuration | D50: Container Configs | E50: MVP | G50: FAT-CC-070 | H50: Covered (1)
A51: FDS-04-001 | B51: Two Identity Classes | C51: 4.1 Identity Model | D51: Users & Attribution | E51: MVP | G51: FAT-USR-010, FAT-USR-020 | H51: Covered (2)
A52: FDS-04-002 | B52: Operator Initials Capture | C52: 4.1 Identity Model | D52: Users & Attribution | E52: MVP | G52: FAT-USR-030, FAT-USR-040 | H52: Covered (2)
A53: FDS-04-003 | B53: Presence Policy: Dedicated vs Shared Views | C53: 4.1 Identity Model | D53: Users & Attribution | E53: MVP | G53: FAT-USR-050, FAT-USR-060 | H53: Covered (2)
A54: FDS-04-004 | B54: Interactive User Authentication | C54: 4.1 Identity Model | D54: Users & Attribution | E54: MVP | G54: FAT-USR-070 | H54: Covered (1)
A55: FDS-04-005 | B55: Pre-Populated Initials Field | C55: 4.2 Event Attribution on Mutations | D55: Users & Attribution | E55: MVP | G55: FAT-USR-080, FAT-USR-090 | H55: Covered (2)
A56: FDS-04-006 | B56: 30-Minute Presence Re-Confirmation | C56: 4.2 Event Attribution on Mutations | D56: Users & Attribution | E56: MVP | G56: FAT-USR-100, FAT-USR-110 | H56: Covered (2)
A57: FDS-04-007 | B57: Elevated Actions Require Active Directory Authentication | C57: 4.3 Elevation Model | D57: Users & Attribution | E57: MVP | G57: FAT-USR-120, FAT-USR-130, FAT-USR-140 | H57: Covered (3)
A58: FDS-04-008 | B58: Ignition Role Mapping | C58: 4.3 Elevation Model | D58: Users & Attribution | E58: MVP | G58: FAT-USR-150 | H58: Covered (1)
... A60: FDS-04-010 | B60: Operator AppUser Lifecycle | C60: 4.3 Elevation Model | D60: Users & Attribution | E60: MVP | G60: FAT-USR-180, FAT-USR-190 | H60: Covered (2)
A61: FDS-05-001 | B61: LOT Uniqueness | C61: 5.1 LOT Identity | D61: LOT Traceability & Genealogy | E61: MVP | F61: 3.9.6 | G61: FAT-TRC-010, FAT-TRC-020 | H61: Covered (2)
A62: FDS-05-002 | B62: LTT Pre-Printing | C62: 5.1 LOT Identity | D62: LOT Traceability & Genealogy | E62: MVP | F62: 2.2.1 | G62: FAT-TRC-130 | H62: Covered (1)
A63: FDS-05-003 | B63: LOT Attributes | C63: 5.1 LOT Identity | D63: LOT Traceability & Genealogy | E63: MVP | F63: 3.9.6, 2.2.2 | G63: FAT-TRC-030 | H63: Covered (1)
A64: FDS-05-034 | B64: Die-Cast-Origin Tool + Cavity Required on Lot Create | C64: 5.1 LOT Identity | D64: Die Cast | E64: MVP | G64: FAT-DC-030 | H64: Covered (1)
A65: FDS-05-035 | B65: Tools System of Record — On Lot, Not On ProductionEvent | C65: 5.1 LOT Identity | D65: Die Cast | E65: MVP | G65: FAT-DC-140 | H65: Covered (1)
A66: FDS-05-031 | B66: LOT Computed Quantities (TotalInProcess, InventoryAvailable) | C66: 5.1 LOT Identity | D66: LOT Traceability & Genealogy | E66: MVP | G66: FAT-TRC-140 | H66: Covered (1)
A67: FDS-05-004 | B67: Manufactured LOT Creation (Die Cast) — Per-Cavity Open Basket | C67: 5.2 LOT Creation Workflows | D67: Die Cast | E67: MVP | G67: FAT-DC-130 | H67: Covered (1)
A68: FDS-05-039 | B68: Die Cast Basket Lifecycle: Open → Accumulate → Release / Void | C68: 5.2 LOT Creation Workflows | D68: Die Cast | E68: MVP | G68: FAT-DC-040 | H68: Covered (1)
A69: FDS-05-040 | B69: Shift-Output Recording (the Accumulate action) | C69: 5.2 LOT Creation Workflows | D69: Die Cast | E69: MVP | G69: FAT-DC-150 | H69: Covered (1)
A70: FDS-05-041 | B70: Basket Release (Open → Good) | C70: 5.2 LOT Creation Workflows | D70: Die Cast | E70: MVP | G70: FAT-DC-090, FAT-DC-100 | H70: Covered (2)
A71: FDS-05-042 | B71: Basket Void (Open → Scrap) | C71: 5.2 LOT Creation Workflows | D71: Die Cast | E71: MVP | G71: FAT-DC-110 | H71: Covered (1)
A72: FDS-05-005 | B72: Received LOT Creation (Pass-Through Parts) | C72: 5.2 LOT Creation Workflows | D72: Third-Party Inspection | E72: MVP | F72: 2.1.1, 2.1.12 | G72: FAT-INSP-010, FAT-INSP-020 | H72: Covered (2)
A73: FDS-05-006 | B73: Off-Site Received LOT Creation | C73: 5.2 LOT Creation Workflows | D73: Third-Party Inspection | E73: MVP | G73: FAT-INSP-030 | H73: Covered (1)
A74: FDS-05-007 | B74: Movement Tracking | C74: 5.3 LOT Movement | D74: Movements & Inventory | E74: MVP | F74: 3.9.8 | G74: FAT-MOVE-010, FAT-MOVE-020 | H74: Covered (2)
A75: FDS-05-008 | B75: Movement Workflow | C75: 5.3 LOT Movement | D75: Movements & Inventory | E75: MVP | G75: FAT-MOVE-030, FAT-MOVE-040, FAT-MOVE-050, FAT-MOVE-060 | H75: Covered (4)
A76: FDS-05-036 | B76: Lazy, Operator-Driven LOT Creation | C76: 5.3 LOT Movement | D76: LOT Traceability & Genealogy | E76: MVP | G76: FAT-TRC-150 | H76: Covered (1)
A77: FDS-05-037 | B77: LOT Close Semantics | C77: 5.3 LOT Movement | D77: Movements & Inventory | E77: MVP | G77: FAT-MOVE-070, FAT-MOVE-080 | H77: Covered (2)
A78: FDS-05-032 | B78: Partial Start and Partial Complete | C78: 5.3 LOT Movement | D78: Movements & Inventory | E78: MVP | G78: FAT-MOVE-090, FAT-MOVE-100 | H78: Covered (2)
A79: FDS-05-038 | B79: Pausable LOT at Workstation | C79: 5.3 LOT Movement | D79: Movements & Inventory | E79: MVP | G79: FAT-MOVE-110, FAT-MOVE-120, FAT-MOVE-130 | H79: Covered (3)
A80: FDS-05-022 | B80: Sublot Pattern (Machining) | C80: 5.4 Sub-LOT Splitting | D80: Machining | E80: MVP | G80: FAT-MACH-010 | H80: Covered (1)
A81: FDS-05-024 | B81: Sublot Labels | C81: 5.4 Sub-LOT Splitting | D81: Labels & Printing | E81: MVP | G81: FAT-LBL-010, FAT-LBL-020 | H81: Covered (2)
A82: FDS-05-009 | B82: Machining OUT Sub-LOT Extraction Workflow (Extract-One / Partial-Remainder) | C82: 5.4 Sub-LOT Splitting | D82: Machining | E82: MVP | F82: 2.1.4, 2.2.5, 3.9.12 | G82: FAT-MACH-020, FAT-MACH-030, FAT-MACH-040 | H82: Covered (3)
A83: FDS-05-010 | B83: Partial-Remainder Handling | C83: 5.4 Sub-LOT Splitting | D83: Machining | E83: MVP | G83: FAT-MACH-050, FAT-MACH-060 | H83: Covered (2)
A84: FDS-05-011 | B84: Split Genealogy Permanence | C84: 5.4 Sub-LOT Splitting | D84: Machining | E84: MVP | G84: FAT-MACH-070 | H84: Covered (1)
A85: FDS-05-012 | B85: Merge Capability | C85: 5.5 LOT Merging | D85: LOT Traceability & Genealogy | E85: MVP | F85: 3.9.13 | G85: FAT-TRC-070 | H85: Covered (1)
A86: FDS-05-025 | B86: Post-Sort Requirement | C86: 5.5 LOT Merging | D86: LOT Traceability & Genealogy | E86: MVP | F86: 3.13.1 | G86: FAT-TRC-170 | H86: Covered (1)
A87: FDS-05-026 | B87: Part Number Match | C87: 5.5 LOT Merging | D87: LOT Traceability & Genealogy | E87: MVP | F87: 3.9.13 | G87: FAT-TRC-180 | H87: Covered (1)
A88: FDS-05-027 | B88: Die Rank Compatibility | C88: 5.5 LOT Merging | D88: LOT Traceability & Genealogy | E88: MVP | G88: FAT-TRC-190 | H88: Covered (1)
A89: FDS-05-028 | B89: Quality Status Gating | C89: 5.5 LOT Merging | D89: LOT Traceability & Genealogy | E89: MVP | G89: FAT-TRC-200 | H89: Covered (1)
A90: FDS-05-029 | B90: Machining Is Not a Merge — FIFO-by-Cavity | C90: 5.5 LOT Merging | D90: LOT Traceability & Genealogy | E90: MVP | F90: 3.13.1 | G90: FAT-TRC-210 | H90: Covered (1)
A91: FDS-05-030 | B91: Post-Merge LOT Has NULL Tool / Cavity | C91: 5.5 LOT Merging | D91: LOT Traceability & Genealogy | E91: MVP | G91: FAT-TRC-220 | H91: Covered (1)
A92: FDS-05-013 | B92: Status Codes | C92: 5.6 LOT Status Transitions | D92: Quality Capture & Holds | E92: MVP | F92: 3.16.3 | G92: FAT-QH-010, FAT-QH-020 | H92: Covered (2)
A93: FDS-05-014 | B93: Status Transition Rules | C93: 5.6 LOT Status Transitions | D93: Quality Capture & Holds | E93: MVP | G93: FAT-QH-030, FAT-QH-040 | H93: Covered (2)
A94: FDS-05-015 | B94: Status History | C94: 5.6 LOT Status Transitions | D94: Quality Capture & Holds | E94: MVP | F94: 3.16.4 | G94: FAT-QH-050 | H94: Covered (1)
A95: FDS-05-016 | B95: Genealogy Graph | C95: 5.7 Genealogy | D95: LOT Traceability & Genealogy | E95: MVP | G95: FAT-TRC-060, FAT-TRC-110 | H95: Covered (2)
A96: FDS-05-017 | B96: Bidirectional Query | C96: 5.7 Genealogy | D96: LOT Traceability & Genealogy | E96: MVP | F96: 3.13.2 | G96: FAT-TRC-080, FAT-TRC-090 | H96: Covered (2)
A97: FDS-05-018 | B97: Genealogy Report | C97: 5.7 Genealogy | D97: LOT Traceability & Genealogy | E97: MVP | G97: FAT-TRC-160 | H97: Covered (1)
A98: FDS-05-019 | B98: Label Print Tracking | C98: 5.8 LOT Label Management | D98: Labels & Printing | E98: MVP | G98: FAT-LBL-030 | H98: Covered (1)
A99: FDS-05-020 | B99: Print Reasons | C99: 5.8 LOT Label Management | D99: Labels & Printing | E99: MVP | F99: 3.13.1, 2.2.1 | G99: FAT-LBL-040 | H99: Covered (1)
A100: FDS-05-021 | B100: Attribute Change Log | C100: 5.9 LOT Attribute Auditing | D100: LOT Traceability & Genealogy | E100: MVP | F100: 3.9.6 | G100: FAT-TRC-040, FAT-TRC-050 | H100: Covered (2)
A101: FDS-05-033 | B101: Trim → Machining Rename via 1-Line BOM | C101: 5.10 Part Identity Change | D101: Machining | E101: MVP | G101: FAT-MACH-080 | H101: Covered (1)
...

Sheet Environment & Platform
A1: TestID | B1: Workflow | C1: Precondition | D1: Step | E1: Expected Result | F1: Result | G1: Witness | H1: Date | I1: Notes
A2: FDS-01-001 — Ignition Gateway
A3: FAT-ENV-010 | B3: Gateway inspection | C3: FAT gateway running | D3: On the Ignition Gateway status page, show the Gateway version, OS, and running module set | E3: Single Ignition Gateway on Windows Server (>= 2019) hosting the Perspective project, OPC connections, Tag Historian, and Gateway scripts; version and edition displayed | I3: witnessed by inspection
A4: FAT-ENV-020 | B4: Gateway inspection | C4: Gateway status page open | D4: Show the loaded MPP Perspective project and its Gateway timer/scheduled scripts | E4: MPP project is loaded and running; Gateway-scoped scripts (shift ticker, PLC watchers) are present and enabled
A5: FDS-01-002 — Database Server
A6: FAT-ENV-030 | B6: Database server inspection | C6: SQL Server instance reachable | D6: Connect to the MES database and show product version, edition, and the schema list | E6: SQL Server 2022 Standard; MES database exposes the 8 schemas (Location, Parts, Lots, Workorder, Quality, OEE, Tools, Audit) | I6: witnessed by inspection
A7: FDS-01-003 — Redundancy
A8: FAT-ENV-040 | B8: Redundancy posture | C8: Gateway config visible | D8: Confirm the current redundancy configuration | E8: No gateway redundancy is configured (out of current scope); architecture confirmed to permit adding a redundant gateway later with no schema or application change | I8: SHOULD-level future-readiness, not a running feature
A9: FDS-01-004 — Development/Test Environment
A10: FAT-ENV-050 | B10: Dev/Test environment | C10: Access to non-prod environment | D10: Show the separate development/test Ignition Gateway and its database | E10: A dedicated dev/test gateway exists mirroring production spec, backed by its own MES database (MPP_MES_Dev / MPP_MES_Test), separate from production | I10: witnessed by inspection
A11: FDS-01-005 — Event Immutability (FRS 3.5.4, 3.9.6)
A12: FAT-ENV-060 | B12: Event immutability | C12: A LOT with recorded production events | D12: Attempt to alter or delete a posted production/genealogy event; then record a correction | E12: Evidence and traceability records cannot be updated or deleted; the correction is written as a NEW event, leaving the original intact (append-only)
A13: FDS-01-006 — External Interface Dispatch Pattern (FRS 3.17.4, 5.5.1)
A14: FAT-ENV-070 | B14: Interface logging | C14: Terminal with an assigned Zebra printer | D14: Trigger an external call (print a shipping/LOT label) and open Audit.InterfaceLog | E14: The external call is logged to Audit.InterfaceLog with request payload, response/result, and any error condition
A15: FDS-01-007 — Tag Historian Separation (FRS 3.4.10, 5.5.1)
A16: FAT-ENV-080 | B16: Tag Historian separation | C16: Gateway Tag Historian configured | D16: Show where process/tag values are historized versus where MES transactional records live | E16: Time-series process data goes to the Ignition Tag Historian in a SEPARATE database (e.g. MPP_MES_Historian); MES transactional tables hold no tag time-series | I16: may share the instance, never the database
A17: FDS-01-013 — BOM Source System at Cutover
A18: FAT-ENV-090 | B18: BOM cutover import | C18: A sample Flexware BOM export (JSON) prepared | D18: Run Parts.Bom_BulkLoadFromSeed against the sample export | E18: Parts.Bom / Parts.BomLine are populated in one transaction; imported BOMs enter as VersionNumber 1 in Published state; re-running is idempotent | I18: proves the cutover BOM seed path
A19: FAT-ENV-100 | B19: BOM cutover import | C19: Bulk-load import loaded | D19: Submit an export whose child item does not resolve to a Parts.Item | E19: The entire import aborts with an error listing the unresolved child item(s); no partial BOM rows are written
A20: FDS-01-008 — OPC Server Connections
A21: FAT-ENV-110 | B21: OPC connections | C21: FAT uses simulated devices | D21: Show the Gateway OPC/device connections (or the MPP_Sim simulator standing in for them) | E21: OPC/device connections are configured for the scale, assembly PLC, vision, and MIP roles; during FAT these are exercised via the MPP_Sim simulator (live OPC verified at SAT) | I21: live OmniServer/TOPServer/Cognex/MIP deferred to SAT (FDS-15-004)
A22: FDS-01-009 — OPC Tag Namespace
A23: FAT-ENV-120 | B23: OPC tag namespace | C23: OPC/simulated tags visible | D23: Inspect the tag paths for the configured devices | E23: Tags follow the consistent [Server]/[Line].[Device].[Tag] namespace convention per the OPC tag map | I23: witnessed by inspection
A24: FDS-01-010 — Authentication (FRS 5.3)
A25: FAT-ENV-130 | B25: Authentication | C25: AD user source configured | D25: Log in to an interactive (Quality/Supervisor/Engineering/Admin) screen with an AD credential | E25: Interactive user authenticates against Active Directory via the Ignition AD User Source
A26: FAT-ENV-140 | B26: Authentication | C26: Shop-floor terminal open | D26: Identify an operator at a shop-floor terminal | E26: Operator is identified by initials entry only (no AD authentication); the AppUser row exists for attribution and carries no AD account
A27: FDS-01-011 — Authorization
A28: FAT-ENV-150 | B28: Authorization | C28: Two users in different AD groups | D28: Access a role-restricted screen/function as an authorized then an unauthorized user | E28: Access is granted or denied per Ignition security roles/zones mapped from AD groups; no custom RBAC tables involved
A29: FDS-01-012 — Audit Attribution
A30: FAT-ENV-160 | B30: Audit attribution | C30: Operator logged in at a known terminal | D30: Perform a state-changing action and open the resulting audit/event record | E30: The record carries the acting AppUser.Id and the TerminalLocationId; system-triggered events are attributed to the designated system user
A31: FDS-01-014 — External Integration Pattern (Gateway-script-async)
A32: FAT-ENV-170 | B32: Async dispatch | C32: Container ready to complete with an assigned printer | D32: Complete a container and observe the label dispatch | E32: The proc commits DB state (ShippingLabel row, PrintedAt NULL) and returns immediately; the print is dispatched async via sendRequestAsync — the operator is not blocked on printer latency
A33: FAT-ENV-180 | B33: Async dispatch | C33: Print handler forced to fail (printer offline) | D33: Complete a container while the printer is unavailable | E33: Failure surfaces to the operator from persisted DB state (not in-flight handler state) and is logged; visibility survives a Gateway restart
A34: FDS-13-004 — Macola Scope Boundary [FUTURE]
A35: (out of scope — no test required)
A36: FDS-13-005 — Intelex Scope Boundary [FUTURE]
A37: (out of scope — no test required)
A38: FDS-13-006 — SCADA Scope Boundary [FUTURE]
A39: (out of scope — no test required)
A40: FDS-14-001 — Seed Data (MVP — Not Conditional)
A41: FAT-ENV-190 | B41: Seed data load | C41: Freshly provisioned FAT database | D41: Verify the required configuration seed data is present | E41: Location hierarchy (~230 machines/areas/inventory), item master, defect codes, downtime reason codes, shift schedules, active quality specs, and container configurations are all loaded | I41: configuration data, loaded regardless of migration decision
A42: FDS-15-001 — Phased Rollout
A43: FAT-ENV-200 | B43: Deployment plan | C43: Deployment plan document available | D43: Review the phased rollout plan | E43: Plan deploys area-by-area in production flow order starting at Die Cast (the LOT origin), each phase covering configuration, training, shadow commissioning, and go-live | I43: witnessed against the plan document
A44: FDS-15-002 — Shadow Commissioning (FRS 6.1.4)
A45: FAT-ENV-210 | B45: Deployment plan | C45: Deployment plan document available | D45: Review the shadow commissioning approach for an area | E45: Plan runs the new MES in parallel with the legacy system, operators dual-enter, validating WIP state, traceability, and report accuracy against legacy before go-live
A46: FDS-15-003 — Factory Acceptance Testing (FAT)
A47: FAT-ENV-220 | B47: FAT execution | C47: This FAT session underway | D47: Confirm the FAT is conducted off-site against simulated production data covering the required criteria | E47: FAT exercises LOT create/move/split/merge, production+consumption, container-to-label, hold/re-pack/release, simulated AIM, genealogy accuracy, and interlock validations | I47: this checklist IS the FAT record
A48: FDS-15-004 — Site Acceptance Testing (SAT)
A49: FAT-ENV-230 | B49: SAT plan | C49: SAT plan document available | D49: Review the on-site SAT plan | E49: SAT plan repeats all FAT criteria plus live PLC/MIP handshake, live scale/OmniServer, live Zebra printing, scanners, live AIM, and production-volume performance | I49: SAT executed on-site post-FAT
A50: FDS-15-005 — Go-Live Support
A51: FAT-ENV-240 | B51: Go-live support | C51: Support agreement available | D51: Confirm the go-live support commitment | E51: On-site support covers the first 5 production days (24-hour coverage); remote support continues for 30 days after go-live | I51: witnessed against the plan/agreement
A52: FDS-15-006 — Rollback Plan
A53: FAT-ENV-250 | B53: Rollback plan | C53: Rollback plan document available | D53: Review the per-phase rollback plan | E53: A documented rollback exists for each phase; the legacy system stays operational through the shadow period so an area can revert with no data loss
A54: FDS-15-007 — Process Change: Real-Time Data Entry (FRS 5.6.6)
A55: FAT-ENV-260 | B55: Process change | C55: A shop-floor terminal at a work area | D55: Record production at point-of-action rather than on paper for later clerk entry | E55: Production data is captured in real time at the machine; no data-entry-clerk step is required | I55: demonstrates the paper-first-to-real-time process change
A56: FDS-15-008 — Operator Training
A57: FAT-ENV-270 | B57: Operator training | C57: Training materials available | D57: Review the operator training package for an area | E57: Training covers terminal login, LOT creation, production recording, reject entry, downtime logging, and that area's operation-template screens; delivered before shadow commissioning | I57: witnessed against training materials

Sheet Plant Hierarchy
A1: TestID | B1: Workflow | C1: Precondition | D1: Step | E1: Expected Result | F1: Result | G1: Witness | H1: Date | I1: Notes
A2: FDS-02-001 — ISA-95 Location Types
A3: FAT-PH-010 | B3: ISA-95 location types seeded | C3: Config Tool open at Plant Hierarchy | D3: Inspect the location-type tiers available in the hierarchy | E3: Five ISA-95 types exist — Enterprise, Site, Area, Work Center, Cell — with ascending hierarchy levels
A4: FAT-PH-020 | B4: Location types are read-only | C4: Config Tool open at Plant Hierarchy | D4: Attempt to rename or delete one of the five location types | E4: No edit/delete affordance for the LocationType tiers; they are seed-locked and not editable by engineering
A5: FDS-02-002 — Hierarchy Enforcement
A6: FAT-PH-030 | B6: Flexible tier nesting | C6: An Area with no Work Center tier beneath it | D6: Create a Cell directly under the Area | E6: Cell is accepted as a direct child of the Area — strict sequential tiers are not required, only child level >= parent level
A7: FAT-PH-040 | B7: Relocation via deprecate + recreate | C7: An existing Location in the tree | D7: Attempt to change a Location's parent | E7: No reparent control exists; ParentLocationId is immutable — relocation is done by deprecating the row and creating a new one under the new parent, preserving history
A8: FDS-02-003 — Areas as Instances (FRS 3.3.2, 3.7.1)
A9: FAT-PH-050 | B9: Areas seeded as instances | C9: Config Tool open at Plant Hierarchy | D9: Inspect the Area-tier nodes under the Site | E9: MPP's operational areas exist as Location instances (Die Cast, Trim Shop, Machine Shop, Production Control, Quality Control) with ProductionArea / SupportArea definitions
A10: FDS-02-004 — Location Type Definitions (Kinds)
A11: FAT-PH-060 | B11: Location kinds per tier | C11: Config Tool open at the Location Type Definition editor | D11: Review the definitions (kinds) available within each tier | E11: Each tier lists its seeded kinds (e.g. Cell -> Terminal, DieCastMachine, CNCMachine, TrimPress, InventoryLocation, Scale); every Location instance references exactly one
A12: FAT-PH-070 | B12: Add a new kind | C12: Location Type Definition editor open | D12: Create a new LocationTypeDefinition under a tier and save | E12: New kind is added and available for new Location instances with no schema change; change is audited
A13: FDS-02-005 — Attribute Schemas per Definition
A14: FAT-PH-080 | B14: Attribute schema per kind | C14: A Location Type Definition selected in the editor | D14: Define attribute definitions on the kind and compare against another kind at the same tier | E14: Attributes attach per-definition (e.g. DieCastMachine carries Tonnage/RefCycleTime; Terminal carries IpAddress/DefaultPrinter/HasBarcodeScanner) — schemas are disjoint across kinds
A15: FDS-02-006 — Attribute Value Integrity
A16: FAT-PH-090 | B16: Attribute value integrity | C16: A Terminal-kind Location selected in the tree | D16: Open its attribute values and review the offered attributes | E16: Only attributes belonging to the Terminal definition are offered; a DieCastMachine attribute (e.g. Tonnage) cannot be set on a Terminal
A17: FDS-02-007 — Machine Seed Data
A18: FAT-PH-100 | B18: Machine seed data loaded | C18: Deployment seed applied | D18: Verify the FRS Appendix B machines are present as Cell Locations | E18: The ~230 machines are loaded as Cell-tier Locations under their Areas/Work Centers with appropriate kinds and seeded attribute values (tonnage, cycle time where available) | I18: deploy-day / cutover seed
A19: FDS-03-014 — Eligibility Map with Hierarchy Cascade (FRS 3.4.7)
A20: FAT-PH-110 | B20: Eligibility hierarchy cascade | C20: A part with an ItemLocation row at the Die Cast Area tier, no Cell-level row | D20: Resolve eligibility for that part at a descendant Cell | E20: Eligibility resolves by walking up Cell -> Work Center -> Area -> Site; the Area-tier row matches and the part is eligible at the Cell
A21: FAT-PH-120 | B21: No eligibility match rejects | C21: A part with no ItemLocation row anywhere in a Cell's chain | D21: Resolve eligibility for that part at the Cell | E21: Eligibility check returns not-eligible with a clear reject message naming the part and cell
A22: FDS-03-015 — Eligibility Management
A23: FAT-PH-130 | B23: Eligibility management CRUD | C23: Configuration Tool Eligibility screen open for an item | D23: Add an ItemLocation row (target any tier — Area, Work Center, or Cell), update it, and remove another | E23: Rows are created/updated/removed with the Location picker allowing any tier; every change is logged to the config audit log
A24: FDS-03-018 — Consumption Metadata on Item-Location Eligibility
A25: FAT-PH-140 | B25: Consumption metadata on eligibility | C25: An eligibility row being edited | D25: Enable IsConsumptionPoint and set Min / Max / Default quantities | E25: Min/Max/Default inputs appear when IsConsumptionPoint is enabled and persist on the row; they drive the runtime Allocations grid (pre-fill Default, validate Min <= entered <= Max) | I25: metadata drives shop-floor scan-in

Sheet Item Master
A1: TestID | B1: Workflow | C1: Precondition | D1: Step | E1: Expected Result | F1: Result | G1: Witness | H1: Date | I1: Notes
A2: FDS-03-001 — Item Records
A3: FAT-ITM-010 | B3: Item master CRUD | C3: Config Tool open at Item Master | D3: Create a new part and edit an existing part | E3: Part is created and saved; edits persist; changes are audited (config log)
A4: FAT-ITM-020 | B4: Item master fields | C4: An item open in Item Master | D4: Review the item's data fields | E4: Part number, description, units of measure, and related master-data fields are present and editable
A5: FAT-ITM-030 | B5: Sub-lot quantity attribute | C5: An item open in Item Master | D5: Set the default sub-lot quantity | E5: Default Sub-Lot Quantity is stored on the part
A6: FAT-ITM-040 | B6: Macola part number | C6: An item open in Item Master | D6: Enter the associated Macola part number | E6: Macola part number attribute is stored and displayed
A7: FAT-ITM-050 | B7: Max LOT size reasonability | C7: A part with Max LOT Size set | D7: On the shop floor, attempt to set a piece count above Max LOT Size | E7: Entry is flagged/blocked as unreasonable per the part's Max LOT Size | I7: enforcement is shop-floor
A8: FDS-03-002 — Item Types
A9: FAT-ITM-060 | B9: Item types | C9: Config Tool open at Item Master | D9: Assign an item type to a part | E9: Item type is stored and constrains downstream routing/area eligibility
A10: FDS-03-003 — Item Deprecation
A11: FAT-ITM-070 | B11: Item deprecation | C11: An item with no live LOTs | D11: Deprecate a part | E11: Part is soft-deleted (DeprecatedAt); owned config cascades; blocked if a live LOT exists
A12: Blue Ridge / Non-FDS
A13: FAT-ITM-080 | B13: PLC part mapping | C13: An item that maps to a PLC part identifier | D13: Set the item's PlcId in Item Master | E13: PlcId is saved on the item and used by vision/PLC part verification

Sheet Routes & BOMs
A1: TestID | B1: Workflow | C1: Precondition | D1: Step | E1: Expected Result | F1: Result | G1: Witness | H1: Date | I1: Notes
A2: FDS-03-004 — BOM Structure (FRS 3.4.2)
A3: FAT-RB-010 | B3: Create a BOM | C3: Config Tool open at Item Master BOMs section for an assembled item | D3: Create a BOM and add component lines | E3: BOM is created with parent item, version number, and effective date; each line specifies child item, quantity per parent, UOM, and sort order
A4: FAT-RB-020 | B4: Reorder BOM lines | C4: A draft BOM with multiple lines | D4: Reorder lines using the up/down arrow buttons | E4: Line sort order changes via arrows (no drag-and-drop); order persists on save
A5: FDS-03-005 — BOM Versioning
A6: FAT-RB-030 | B6: BOM versioning | C6: A published BOM | D6: Revise the BOM (create new version) and publish it | E6: A new version is created with a new EffectiveFrom; the prior version is soft-deleted (DeprecatedAt set) but remains queryable for historical traceability
A7: FAT-RB-040 | B7: Historical BOM accuracy | C7: A part with a superseded BOM version | D7: Inspect an old production/LOT record that used the superseded version | E7: Production records FK to the BOM version active at time of manufacture; the historical version is preserved and resolvable | I7: traceability check
A8: FDS-03-006 — Single-Level BOMs
A9: FAT-RB-050 | B9: Single-level BOM | C9: A BOM open in the editor | D9: Review the BOM structure | E9: BOM is single-level (one parent -> child lines); no nested/multi-level explosion is authored in the editor
A10: FDS-03-007 — Route Structure (FRS 3.11.1–3.11.4)
A11: FAT-RB-060 | B11: Create a route template | C11: Config Tool open at Item Master Routes section for a manufactured item | D11: Create a route template | E11: Route is created with item, version number, name, and effective date; soft-delete supported
A12: FDS-03-008 — Route Steps
A13: FAT-RB-070 | B13: Add route steps | C13: A draft route template | D13: Add ordered route steps | E13: Each step references an operation template, carries a sequence number and a required flag
A14: FAT-RB-080 | B14: Reorder route steps | C14: A draft route with multiple steps | D14: Reorder steps using the up/down arrow buttons | E14: Step sequence changes via arrows and renumbers; order persists on save
A15: FDS-03-009 — Route Steps Do Not Prescribe Machines
A16: FAT-RB-090 | B16: Steps do not prescribe machines | C16: A route step open in the editor | D16: Inspect what a route step references | E16: Step references an operation template (operation role) only; there is no machine or location field — the operator picks an eligible machine at runtime
A17: FDS-03-010 — Route Versioning
A18: FAT-RB-100 | B18: Route versioning | C18: A published route template | D18: Revise the route (create new version) and publish it | E18: A new version is created; the prior version is retained and production records FK to the version active at execution time
A19: FDS-03-011 — Operation Sequence Flexibility (FRS 3.11.10)
A20: FAT-RB-110 | B20: Operation sequence flexibility | C20: A route in use | D20: Insert an additional operation and delete an operation within the route | E20: Operations can be inserted and removed within the route, supporting parts that skip steps or need extra operations
A21: FDS-14-005 — Flexware BOM Import
A22: FAT-RB-120 | B22: Flexware BOM import at cutover | C22: Flexware BOM export delivered by MPP IT; every Parent/Child part resolves to an active Item | D22: Run the one-shot BOM bulk-load at cutover | E22: Pre-flight reports any unresolved part references and blocks until fixed; BOMs seed into Parts.Bom/BomLine as Published; re-run is idempotent (unchanged skip, changed create a new version) | I22: cutover/deploy-day step; bulk-load proc + export format owed by MPP IT

Sheet Op Templates & Quality Specs
A1: TestID | B1: Workflow | C1: Precondition | D1: Step | E1: Expected Result | F1: Result | G1: Witness | H1: Date | I1: Notes
A2: FDS-03-012 — Operation Template Design
A3: FAT-OQ-010 | B3: Create an operation template | C3: Config Tool open at the Operation Templates editor | D3: Create a new operation template | E3: Template is created with Code, Name, an OperationType role (DieCast, TrimIn/Out, MachiningIn/Out, AssemblyIn/Out), and optional description; starts in Draft
A4: FAT-OQ-020 | B4: Data collection fields | C4: An operation template being edited | D4: Attach data collection fields and mark some required | E4: Fields are attached via the OperationTemplateField junction (from the DataCollectionField vocabulary) each with an IsRequired flag; the template is reusable across products
A5: FAT-OQ-030 | B5: Operation template versioning | C5: A published operation template | D5: Create a new version of the template | E5: New version is created following the Draft/Published/Deprecated lifecycle; the prior version is retained
A6: FDS-03-013 — Operation Templates Drive Screen Behavior (FRS 3.11.6)
A7: FAT-OQ-040 | B7: Templates drive screen behavior | C7: Two templates with different field sets (e.g. a Die Cast role vs an Assembly role) | D7: Open the production screen for a LOT resolving to each template | E7: The production screen renders inputs from the template's OperationTemplateField rows — die/cavity/weight for the die-cast role, serial/material-verification for assembly; required fields enforced | I7: rendering is shop-floor; config drives it
A8: FDS-08-008 — Quality Spec Management (FRS 3.16.1)
A9: FAT-OQ-050 | B9: Create a quality spec | C9: Config Tool open at the Quality Specs editor | D9: Create a quality spec | E9: Spec is created with a name, an optional associated item, an optional associated operation template, and a list of measurable attributes
A10: FAT-OQ-060 | B10: Manage quality specs | C10: Existing quality specs listed | D10: Edit a spec's metadata (name, associations) and save | E10: Changes persist and are audited; specs are engineering-managed via the configuration tool
A11: FDS-08-009 — Quality Spec Versioning (FRS 3.16.2)
A12: FAT-OQ-070 | B12: Quality spec versioning | C12: A published quality spec version | D12: Revise the spec (create new version) and publish | E12: A new version is created with a new effective date; the prior version is soft-deleted; inspection records FK to the version active at time of inspection
A13: FDS-08-010 — Quality Spec Attributes
A14: FAT-OQ-080 | B14: Quality spec attributes | C14: A quality spec version being edited | D14: Define measurable attributes and reorder them | E14: Each attribute carries name / data type / UOM / target value / lower limit / upper limit / required flag / sort order; reordering is via up/down arrows
A15: FAT-OQ-090 | B15: Attributes drive inspection screen | C15: A published spec with defined attributes | D15: Open the inspection screen for a LOT governed by the spec | E15: The inspection screen renders input fields dynamically from the spec's attribute definitions | I15: rendering is shop-floor; config drives it

Sheet Container Configs
A1: TestID | B1: Workflow | C1: Precondition | D1: Step | E1: Expected Result | F1: Result | G1: Witness | H1: Date | I1: Notes
A2: FDS-03-016 — Container Config (FRS 3.9.7)
A3: FAT-CC-010 | B3: Create a container config | C3: Config Tool open at Item Master Container Config section for a finished good | D3: Create a container configuration | E3: Config is saved with trays per container, parts per tray, serialized flag, dunnage code, and customer code
A4: FAT-CC-020 | B4: Container config persists | C4: A finished good with a saved container config | D4: Reopen the item and review the container config | E4: Fields persist and are the values that drive automatic container lifecycle management on the shop floor
A5: FDS-03-017 — Container Closure Logic
A6: FAT-CC-030 | B6: Closure method + capacity | C6: A non-serialized finished good's container config | D6: Set the ClosureMethod and review the derived capacity | E6: ClosureMethod is selectable (ByCount / ByWeight / ByVision); container capacity resolves to TraysPerContainer x PartsPerTray (capped by Item.MaxParts if set) | I6: auto-close fires on shop floor
A7: FAT-CC-040 | B7: Serialized vs non-serialized | C7: Two configs — one serialized line, one non-serialized | D7: Compare how each is configured for closure | E7: Serialized config closes by part count via the MIP handshake; non-serialized config is two-stage (tray validates per ClosureMethod, container count increments per tray pass) | I7: enforcement is shop-floor
A8: FDS-03-019 — Per-Item Per-Location Piece Cap
A9: FAT-CC-050 | B9: Per-item per-location piece cap | C9: An item with Parts.Item.MaxParts set | D9: On the shop floor, attempt to scan pieces into a location that would exceed MaxParts for that item | E9: Scan-in is rejected when total pieces of the item across all non-Closed LOTs at the location plus the incoming count would exceed MaxParts | I9: enforcement is shop-floor
A10: FDS-03-020 — Lineside Inventory Cap
A11: FAT-CC-060 | B11: Lineside inventory cap | C11: A Cell with a LinesideLimit LocationAttribute set | D11: On the shop floor, attempt a scan-in that would exceed the Cell's total-piece limit | E11: Scan-in is rejected when current lineside pieces across all items plus the incoming quantity would exceed LinesideLimit | I11: LinesideLimit set via Plant Hierarchy attribute; enforcement is shop-floor
A12: FDS-03-021 — Tray-Divisibility Validation on Work Order
A13: FAT-CC-070 | B13: Tray-divisibility on work order | C13: A finished good with a container config (PartsPerTray set) | D13: Create/edit a work order with a target quantity not evenly divisible by the tray quantity | E13: Non-divisible target is rejected with a specific error; at WO Close a non-divisible good count is blocked unless a supervisor overrides via AD elevation (reason logged) | I13: Work Orders CONDITIONAL; validates against ContainerConfig

Sheet Code Tables
A1: TestID | B1: Workflow | C1: Precondition | D1: Step | E1: Expected Result | F1: Result | G1: Witness | H1: Date | I1: Notes
A2: FDS-08-016 — Defect Code Management
A3: FAT-CT-010 | B3: Defect code CRUD | C3: Config Tool open at Quality > Defect Codes | D3: Create a new defect code and edit an existing one | E3: Code is created and saved; edits persist; changes are audited (config log)
A4: FAT-CT-020 | B4: Defect code fields | C4: A defect code open in the editor | D4: Set the code's Area and IsExcused flag | E4: Defect code carries Code, Description, Area association, and IsExcused; IsExcused feeds future OEE quality math
A5: FAT-CT-030 | B5: Defect code seed load | C5: Freshly deployed database | D5: Verify the FRS Appendix E defect codes were seeded | E5: Defect codes loaded from Appendix E (153 rows), each associated with an area (Die Cast, Machine Shop, Trim Shop, Production Control, Quality Control, HSP) with IsExcused set per the appendix | I5: deploy-day check
A6: FAT-CT-040 | B6: Defect code deprecation | C6: An active defect code | D6: Deprecate a defect code | E6: Code is soft-deleted (DeprecatedAt) and drops out of active lists; historical references are retained
A7: FDS-08-017 — Area Filtering
A8: FAT-CT-050 | B8: Area filtering — Die Cast | C8: A Die Cast production screen | D8: Open the defect/scrap reason picker | E8: Only Die Cast area defect codes are offered
A9: FAT-CT-060 | B9: Area filtering — cross-check | C9: A Machine Shop production screen | D9: Open the defect picker on a Machine Shop screen | E9: Only Machine Shop codes are shown; Die Cast-only codes are absent
A10: FDS-09-006 — Reason Code Seed Data
A11: FAT-CT-070 | B11: Reason code seed load | C11: Freshly deployed database | D11: Verify the downtime reason codes were seeded | E11: 353 downtime reason codes loaded from FRS Appendix D; each carries code, description, area, reason type, and IsExcused | I11: deploy-day check
A12: FAT-CT-080 | B12: Reason code fields | C12: A downtime reason code in the list | D12: Inspect a reason code's fields | E12: Code, description, area, reason type, and IsExcused are all present
A13: FDS-09-007 — Reason Types
A14: FAT-CT-090 | B14: Reason types seeded | C14: Freshly deployed database | D14: Review the seeded downtime reason types | E14: Six reason types present: Equipment, Miscellaneous, Mold, Quality, Setup, Unscheduled
A15: FAT-CT-100 | B15: Reason type selection | C15: Downtime entry screen at a machine | D15: Open the reason-type selector then pick a code | E15: Operator selects the reason type first (from the six seeded types), then the specific code within that type

Sheet Shift Schedules
A1: TestID | B1: Workflow | C1: Precondition | D1: Step | E1: Expected Result | F1: Result | G1: Witness | H1: Date | I1: Notes
A2: FDS-09-008 — Shift Schedules
A3: FAT-SS-010 | B3: Shift schedule config | C3: Config Tool open at Shift Schedules (/shifts) | D3: Create a new shift schedule (name, start, end, days-of-week, effective date) | E3: Schedule saved with Name, StartTime, EndTime, DaysOfWeekBitmask (Mon=1..Sun=64), and EffectiveFrom; creation is audit-logged
A4: FAT-SS-020 | B4: Common shift patterns | C4: Shift Schedules screen | D4: Configure First Shift (6:00am–2:00pm M–F) and Second Shift (2:00pm–10:00pm M–F) | E4: Both schedules persist with correct times and a Mon–Fri days bitmask
A5: FAT-SS-030 | B5: Overnight shift | C5: Shift Schedules screen | D5: Create a schedule whose end time is earlier than its start time | E5: Overnight shift (EndTime < StartTime) is accepted as valid
A6: FAT-SS-040 | B6: Unique schedule name | C6: An existing shift schedule | D6: Attempt to create another schedule with the same name | E6: System rejects the duplicate with a clear message
A7: FAT-SS-050 | B7: Shift schedule soft-delete | C7: An active shift schedule | D7: Deprecate the schedule | E7: Schedule is soft-deleted (DeprecatedAt), not overwritten; EffectiveFrom preserves the schedule across time
A8: FAT-SS-060 | B8: Edit shift schedule | C8: An existing shift schedule | D8: Change its start/end time and save | E8: Edit persists and is audit-logged
A9: FDS-09-012 — Shift Schedule Import
A10: FAT-SS-070 | B10: Shift schedule import idempotency | C10: Shift schedules already loaded | D10: Re-apply the schedule set with a revised sheet (updated + new rows) | E10: Existing rows update and new rows add without duplicating (idempotent by unique name) | I10: bulk spreadsheet import is a cutover step
A11: FAT-SS-080 | B11: Post-import edit audit | C11: A shift schedule maintained in the Config Tool | D11: Make a manual edit after import | E11: Manual Configuration Tool edit is audit-logged

Sheet PLC Device Mapping
A1: TestID | B1: Workflow | C1: Precondition | D1: Step | E1: Expected Result | F1: Result | G1: Witness | H1: Date | I1: Notes
A2: FDS-10-001 — MIP Touch Points
A3: FAT-PLC-010 | B3: Serialized MIP touch points | C3: MPP_Sim running; a SerializedMipStation UDT instance exists with a /plc-devices mapping to its terminal | D3: Inspect the serialized MIP UDT instance members against the 5GO_AP4 Touchpoint Agreement | E3: Instance exposes DataReady, TransInProc, PartSN, PartValid, HardwareInterlockEnforced, WatchDog, ContainerCount, PartType and the alarm member per FDS-10-001 | I3: Simulator-validated against MPP_Sim; live device tag-map (OpcServer/Device/BasePath) applied at hardware commissioning
A4: FAT-PLC-020 | B4: Serialized MIP touch points | C4: A TerminalPlcDevice mapping row exists for the station | D4: Open /plc-devices and confirm the serialized station terminal is bound to its `[MPP]PlcDevices/<device>` instance path | E4: Mapping resolves (PlcWatcher.dispatch finds the terminal + device type); edges on the instance route to the SerializedMip watcher
A5: FDS-10-002 — MIP Transaction Flow
A6: FAT-PLC-030 | B6: Serialized MIP transaction flow | C6: A LOT is queued at the assembly-out terminal; Sim Panel /dev/sim/plc open on the device | D6: Seed a valid PartSN (>=6) with HardwareInterlockEnforced=True and fire DataReady | E6: MES sets TransInProc, reads PartSN + interlock, mints the serialized part against the FIFO front LOT, writes PartValid=1, then resets TransInProc + DataReady; a PlcHandshake InterfaceLog row is written | I6: Simulator-validated via /dev/sim/plc against the live watcher
A7: FAT-PLC-040 | B7: Serialized MIP transaction flow | C7: Serialized MIP device selected in the Sim Panel; a LOT queued at the terminal | D7: Fire DataReady with HardwareInterlockEnforced=False and a blank PartSN | E7: Validation is skipped (NoRead path, FDS-06-012); SerializedPart_Mint auto-generates a serial and the part is accepted with PartValid=1 | I7: Simulator-validated
A8: FDS-10-003 — MES Alarms
A9: FAT-PLC-050 | B9: MIP alarms | C9: A serialized part with a given PartSN already exists | D9: Fire DataReady re-using that duplicate PartSN | E9: Mint is rejected — PartValid=0, alarm text written (HMI-gated), and a failed PlcHandshake row is logged to Audit.InterfaceLog | I9: Duplicate dedup is enforced in SerializedPart_Mint; simulator-validated
A10: FAT-PLC-060 | B10: MIP alarms | C10: Serialized MIP device in the Sim Panel | D10: Attempt the Invalid-PartSN and Low-Inventory alarm cases | E10: Alarm message surfaces to the operator/HMI for each | I10: Only the duplicate/rejection alarm is wired today; the invalid-PartSN min-length gate and the low-inventory-threshold alarm are proc-level commissioning fill-ins (flagged in the runbook §E)
A11: FDS-10-004 — Disposition-Based Lines
A12: FAT-PLC-070 | B12: Non-serialized disposition line | C12: A NonSerializedMipStation instance mapped to a 5A2-style terminal; Sim Panel open | D12: Fire DataReady on the non-serialized device | E12: Watcher sets TransInProc, acknowledges the handshake, logs it, and resets TransInProc + DataReady | I12: Handshake choreography simulator-validated; the FG + tray-piece-count line config (_resolveLineConfig) is a commissioning fill-in — until supplied the completion mint is deliberately skipped (not faked), per runbook §E
A13: FAT-PLC-080 | B13: Non-serialized disposition line | C13: A TrayInspectionStation device selected in the Sim Panel | D13: Fire InspectionComplete with a mix of PartDisposition slot flags set | E13: The 18 PartDisposition slots are read by the watcher | I13: Disposition slots are read; the passed-parts-count / open-container tray-close bookkeeping is line-specific commissioning (runbook §E)
A14: FDS-10-005 — Vision / Operator Conflict — Line-Stop Semantics
A15: FAT-PLC-090 | B15: Vision line-stop | C15: A LOT queued at the tray-inspection terminal whose Item.PlcId is set; Sim Panel open | D15: Fire TrayLocked on the tray-inspection device | E15: The front FIFO LOT's Item.PlcId is written to the instance PartNumber member (the PLC vision recipe is selected before inspection) | I15: Simulator-validated
A16: FAT-PLC-100 | B16: Vision line-stop | C16: TrayLocked already fired (recipe selected) for the front LOT | D16: Fire InspectionComplete with a VisionPartNumber that does NOT match the expected recipe | E16: LINE STOP — OkToContinue stays false (tray left locked, no release), a PlcLineStop event is written to Audit.InterfaceLog, and the HMI alarm is raised (gated); the LOT's LotStatusCode is left untouched (no Hold) | I16: Simulator-validated; line-stop signal to the PLC is asserted by holding OkToContinue false. Optional formal Quality.Hold on mismatch is a deliberate policy hook, not auto-placed
A17: FAT-PLC-110 | B17: Vision line-stop | C17: TrayLocked already fired for the front LOT | D17: Fire InspectionComplete with a VisionPartNumber matching the expected recipe | E17: OkToContinue=1 (tray released) and the ByVision tray close runs through Assembly_CompleteTray (mints the FG LOT + consumes BOM) | I17: Simulator-validated
A18: FDS-10-009 — 10-Consecutive-Fail Escalation
A19: FAT-PLC-120 | B19: Consecutive-fail escalation | C19: A tray-inspection cell | D19: Drive 10 consecutive vision-mismatch failures at the cell and confirm the escalation behaviour | E19: On the 10th consecutive fail the line leader is auto-escalated (LeaderEscalationFlagged), a supervisor-dashboard badge fires, supervisor AD elevation (FDS-04-007) is required to resume, and the counter resets on the next pass | I19: NOT YET WIRED — the consecutive-fail counter, LeaderEscalationFlagged event, supervisor-resume gate, and the LineStopConsecutiveFailThreshold LocationAttribute are a commissioning fill-in. Today each mismatch records an independent line-stop with no cross-cycle counter
A20: FDS-10-010 — Failure-Type Branching
A21: FAT-PLC-130 | B21: Failure-type branching | C21: A tray-inspection cell | D21: Exercise each failure type and confirm the branch | E21: Wrong-part (vision != operator) flags the leader immediately; wrong-orientation stops but does not escalate; PartDisposition fail counts toward the 10-fail threshold; barcode mis-scan does not stop the line | I21: NOT YET WIRED — failure-type branching is not implemented; the watcher records a uniform vision-mismatch line-stop. Commissioning fill-in
A22: FDS-10-011 — Hold Release Path (FRS 3.16.10)
A23: FAT-PLC-140 | B23: Hold release path | C23: A LOT is on Hold | D23: As a Quality-role user, AD-elevate (FDS-04-007) and release the hold via the Quality hold screen | E23: The HoldEvent row closes (ReleasedAt set) and the LOT's LotStatusCode returns to Good (Hold_Release) | I23: Witnessable directly in the Quality hold UI
A24: FAT-PLC-150 | B24: Hold release path | C24: A LOT is on Hold; logged in as an operator without elevation | D24: Attempt to release the hold directly | E24: Release is blocked — operators cannot release holds; the action is elevation-gated
A25: FDS-10-012 — Controlled Run Tag (CRT) Workflow
A26: FAT-PLC-160 | B26: CRT workflow | C26: A LOT is on Hold | D26: Release the hold as Quality with a Controlled Run Tag disposition | E26: The hold closes, LotStatusCode returns to Good, and Lot.CrtActive is set to 1; the next downstream operation screen forces the 200% double-capture | I26: CRT activate/clear procs built; the 200%-inspect double-capture is view-enforced off getRequiredInspections (not proc-gated) in v1
A27: FAT-PLC-170 | B27: CRT workflow | C27: A CRT-active LOT (CrtActive=1) reaches its next operation | D27: Complete the forced 200% inspection (or skip it) | E27: On completion CrtActive clears (Lot_ClearCrt, supervisor-elevated) with a CrtCompleted result; if the CRT run passed through un-inspected the LOT is flagged for re-run with a MissedCrtInspect hold
A28: FDS-10-006 — OmniServer Scale Reads
A29: FAT-PLC-180 | B29: Scale reads | C29: A ScaleStation instance mapped to an assembly terminal; Sim Panel open | D29: Seed a net weight with MetFlag=False and fire NET_DataReady | E29: The watcher reads NET_NetWeightValue / UOM / TargetWeightMetFlag, acknowledges NET_DataReady, and logs the weigh to Audit.InterfaceLog; no container close occurs | I29: Simulator-validated; raw-weight persistence (a ProductionEvent/QualitySample) is a commissioning fill-in — weight is captured in the InterfaceLog payload only
A30: FAT-PLC-190 | B30: Scale reads | C30: ScaleStation device selected in the Sim Panel | D30: Fire NET_DataReady with MetFlag=True | E30: The scale is coupled to container completion — a ByWeight tray close runs through Assembly_CompleteTray at the configured ByWeight piece count; the container auto-completes (AIM + label) when full | I30: Simulator-validated
A31: FDS-10-007 — Barcode Scanners
A32: FAT-PLC-200 | B32: Barcode scan validation | C32: A plant-floor screen with an active LTT input field | D32: Scan a valid LTT barcode with the terminal's keyboard-wedge scanner | E32: Scan data is injected as keystrokes into the active field (no custom driver); on submit the server validates the LTT format (9-digit + checksum, ufn_IsValidExternalLtt) and accepts it | I32: Witnessable directly; keyboard-wedge behaviour is client-side plus server-side format validation
A33: FAT-PLC-210 | B33: Barcode scan validation | C33: A plant-floor screen with an active LTT input field | D33: Scan a malformed / wrong-format barcode | E33: Server-side format validation rejects the scan with an operator toast; no LOT action is taken
A34: FDS-10-013 — Confirmation Method LocationAttribute
A35: FAT-PLC-220 | B35: Confirmation method | C35: A PLC-integrated assembly Cell | D35: Inspect the Cell's ConfirmationMethod LocationAttribute | E35: The attribute is seeded and readable with an allowed value (Vision / Barcode / Both) declaring which source(s) confirm part identity
A36: FAT-PLC-230 | B36: Confirmation method | C36: A Cell whose ConfirmationMethod = Both | D36: Present a vision read and a barcode read that disagree on part identity | E36: The production event does not record until both sources agree; the mismatch counts toward the line-stop threshold, and a supervisor-elevated manual override logs HardwareInterlockBypassed on the ContainerSerial | I36: Attribute is seeded and read by the proc/UI; the full Both-reconcile enforcement + override path mirrors the FDS-10-005 line-stop and is partly a commissioning fill-in

Sheet Users & Attribution
A1: TestID | B1: Workflow | C1: Precondition | D1: Step | E1: Expected Result | F1: Result | G1: Witness | H1: Date | I1: Notes
A2: FDS-04-001 — Two Identity Classes
A3: FAT-USR-010 | B3: Two identity classes | C3: Config Tool AppUser admin | D3: Create an operator AppUser and an interactive-user AppUser | E3: Operator saved with AdAccount NULL, Initials NOT NULL, no Ignition role; interactive user saved with AdAccount and a role
A4: FAT-USR-020 | B4: Event attribution by AppUserId | C4: Any shop-floor event recorded | D4: Inspect the stored attribution on the event | E4: Event stamps a resolved AppUserId (never free-text initials or names)
A5: FDS-04-002 — Operator Initials Capture
A6: FAT-USR-030 | B6: Operator initials capture | C6: A shop-floor terminal at idle | D6: Approach the terminal and perform a first action | E6: UI prompts for initials; MES resolves the AppUser and establishes an operator presence context; no password is verified
A7: FAT-USR-040 | B7: Presence context handoff | C7: An operator presence context established | D7: Enter a different operator's initials | E7: New presence context replaces the prior one for subsequent events
A8: FDS-04-003 — Presence Policy: Dedicated vs Shared Views
A9: FAT-USR-050 | B9: Dedicated presence policy | C9: A terminal running a dedicated-flavor view | D9: Leave idle then return | E9: policy = confirm; initials persist across idle gaps subject only to the 30-minute re-confirmation
A10: FAT-USR-060 | B10: Shared presence policy | C10: A terminal running a shared-flavor view (e.g. Die Cast cabin) | D10: Return after idle or change the cell context | E10: policy = strict; initials re-requested on first action after idle and re-prompted when the operator changes cell context
A11: FDS-04-004 — Interactive User Authentication
A12: FAT-USR-070 | B12: Interactive user AD auth | C12: An interactive user (Quality/Supervisor/Engineering/Admin) | D12: Log into the Config Tool with AD credentials | E12: Authenticates via Ignition's AD user source; operators do not exist in AD
A13: FDS-04-005 — Pre-Populated Initials Field
A14: FAT-USR-080 | B14: Pre-populated initials field | C14: A mutation screen under an operator presence context | D14: Open a shop-floor mutation form | E14: Initials field is pre-populated from the presence context; operator may override before submit
A15: FAT-USR-090 | B15: Unknown/deprecated initials blocked | C15: A shop-floor mutation form | D15: Submit with unknown or deprecated initials | E15: Submission blocked with a clear message via AppUser_GetByInitials; no auto-creation of users from unknown initials
A16: FDS-04-006 — 30-Minute Presence Re-Confirmation
A17: FAT-USR-100 | B17: 30-minute re-confirmation | C17: A terminal idle longer than 30 minutes | D17: Interact with the terminal | E17: Re-confirmation overlay 'Operate as [XY]?' with [Yes] / [No — change]; Yes continues the context, No opens initials entry and clears the prior context
A18: FAT-USR-110 | B18: Configurable timeout | C18: Config Tool presence-timeout setting | D18: Change the re-confirmation interval | E18: The 30-minute value is a Configuration Tool setting (not hard-coded) and takes effect
A19: FDS-04-007 — Elevated Actions Require Active Directory Authentication
A20: FAT-USR-120 | B20: Per-action AD elevation | C20: A shop-floor terminal with operator presence | D20: Trigger an elevated action (e.g. place hold / scrap) | E20: Elevation prompt accepts AD username+password; on success the action is stamped with the authenticating user's AppUserId, not the operator presence context
A21: FAT-USR-130 | B21: Elevation not session-sticky | C21: An elevated action just completed | D21: Trigger a second elevated action | E21: Each elevated action re-prompts for AD; there is no session-sticky (5-minute) elevation
A22: FAT-USR-140 | B22: Elevation cancel | C22: Elevation prompt open | D22: Cancel the prompt | E22: Action does not execute; UI returns to the prior state
A23: FDS-04-008 — Ignition Role Mapping
A24: FAT-USR-150 | B24: Ignition role mapping | C24: AD groups mapped to Ignition roles | D24: Sign in as each interactive role | E24: Quality / Supervisor / Engineering / Admin capabilities resolve per their AD group; Operator is the absence of interactive authentication
A25: FDS-04-009 — Screen-Level Security
A26: FAT-USR-160 | B26: Screen-level security | C26: Shop-floor and Config Tool screens | D26: Access each without interactive authentication | E26: Shop-floor screens open on operator presence alone and expose no master-data functions; Config Tool / Supervisor / Engineering screens require AD auth on page entry
A27: FAT-USR-170 | B27: Elevated controls visible but gated | C27: A shop-floor screen with elevated action buttons | D27: View and activate an elevated control as an operator | E27: Control is visible but triggers the FDS-04-007 AD prompt on activation; an unauthorised user cancels out
A28: FDS-04-010 — Operator AppUser Lifecycle
A29: FAT-USR-180 | B29: Operator AppUser lifecycle | C29: Admin-only AppUser screen | D29: Create an operator whose initials collide with an existing row | E29: Admin enters disambiguating initials (unique); operator rows carry AdAccount NULL and no Ignition role
A30: FAT-USR-190 | B30: Operator deprecation | C30: An operator AppUser with historical events | D30: Deprecate the operator | E30: Standard DeprecatedAt soft-delete; events referencing the operator retain the historical AppUserId

Sheet Terminal & Login
A1: TestID | B1: Workflow | C1: Precondition | D1: Step | E1: Expected Result | F1: Result | G1: Witness | H1: Date | I1: Notes
A2: FDS-02-008 — Terminal as Cell Kind
A3: FAT-TERM-010 | B3: Terminal registration | C3: Config Tool location admin | D3: Register a shop-floor station as a Terminal Location | E3: Location created with LocationTypeDefinition = Terminal (resolving to LocationType = Cell), parented under a Cell/WorkCenter/Area
A4: FAT-TERM-020 | B4: Terminal attributes | C4: A registered Terminal | D4: Set IP address, default Zebra printer, and scanner-availability attributes | E4: Attributes stored as LocationAttribute entries on the Terminal definition; registry surfaces a HasPrinter validation flag
A5: FAT-TERM-030 | B5: Terminal requires child printer | C5: A Terminal with no active child Printer | D5: Review the terminal registry validation | E5: HasPrinter flag marks the terminal as missing a printer; every Terminal carries at least one active child Printer Location
A6: FAT-TERM-040 | B6: Terminal resolves by IP | C6: A registered terminal | D6: Open a Perspective session from the terminal's IP | E6: Gateway resolver returns terminal identity, parent zone, and DefaultScreen (Terminal_GetByIpAddress) — no mode carried
A7: FDS-02-009 — Cell Context Selection
A8: FAT-TERM-060 | B8: Dedicated cell context | C8: A terminal running a dedicated-flavor view | D8: Start a session | E8: Location context is fixed to the Terminal's parent Location (Cell/Line/Area); no selector shown; events carry both TerminalLocationId and LocationId
A9: FAT-TERM-070 | B9: Shared cell context selection | C9: A terminal running a shared-flavor view (Die Cast cabin) | D9: Start a session and pick the press | E9: Operator selects context by scan or dropdown from the terminal-parent's descendant equipment Cells (Terminal_ListContextCells); chosen LocationId applies to subsequent events
A10: FAT-TERM-080 | B10: Mid-session context change | C10: A shared-flavor terminal with a context selected | D10: Change the cell context by scan or dropdown | E10: New LocationId applies to all subsequent events until changed again
A11: FDS-02-010 — Terminal Behavior Determined by Assigned View
A12: FAT-TERM-090 | B12: View flavor determines behavior | C12: Two terminals with different DefaultScreen assignments | D12: Compare a dedicated-flavor and a shared-flavor terminal | E12: Dedicated-vs-shared behavior follows the assigned operator view (DefaultScreen); no TerminalMode attribute exists; session.custom.presence.policy is set on load
A13: FAT-TERM-100 | B13: DefaultScreen assignment | C13: Config Tool location admin | D13: Attach a Terminal under a tier and assign its DefaultScreen | E13: Terminal can be parented at Cell/WorkCenter/Area; behavior follows the assigned view from the MPP per-workstation list
A14: FDS-02-011 — Cell Context Change Rules
A15: FAT-TERM-110 | B15: Dedicated context locked | C15: A dedicated-flavor terminal | D15: Attempt to change the cell context | E15: No scan/dropdown/search is offered; the parent Location is the fixed context for the session
A16: FAT-TERM-120 | B16: Shared context change constrained | C16: A shared-flavor terminal | D16: Change context via the selector | E16: Change is allowed only via scan-or-dropdown, constrained to descendant equipment Cells of the terminal's parent (prevents cross-machine misattribution)
A17: FDS-02-012 — Part ↔ Cell Eligibility
A18: FAT-TERM-130 | B18: Part↔Cell eligibility — direct | C18: A LOT being scanned into a cell | D18: Scan a LOT whose Item has direct ItemLocation eligibility at the cell or an ancestor tier | E18: Scan-in passes the eligibility check (ItemLocation_CheckEligibility)
A19: FAT-TERM-140 | B19: Part↔Cell eligibility — BOM-derived | C19: A component LOT at an assembly cell | D19: Scan a LOT that is a child line of an eligible parent's active BOM | E19: Scan-in passes via BOM-derived eligibility (no explicit ItemLocation row required)
A20: FAT-TERM-150 | B20: Ineligible part rejected | C20: A LOT with neither direct nor BOM-derived eligibility | D20: Scan the LOT into the cell | E20: Rejected: 'Part {PartNumber} is not configured for {CellCode} and is not a component of any part eligible there.'
A21: FDS-02-013 — Mobile-Friendly Design Input
A22: FAT-TERM-160 | B22: Tablet-friendly Die Cast screens | C22: A Die Cast area tablet | D22: Operate the Die Cast screens on the tablet | E22: Layout is touch-friendly (targets >= 44 px, portrait supported) and usable one-handed where practical | I22: ongoing design constraint
A23: FDS-02-014 — Honda RFID Forward-Compatibility [FUTURE]
A24: (out of scope — no test required)
A25: Blue Ridge / Non-FDS
A26: FAT-TERM-050 | B26: Unrecognized terminal gate | C26: A station whose IP is not registered | D26: Open a session from the unregistered IP | E26: Terminal Selector gate appears (fallback context = whole Facility, subtitle 'Madison Facility'); operator picks the terminal from the plant tree | I26: BRA affordance

Sheet Die Cast
A1: TestID | B1: Workflow | C1: Precondition | D1: Step | E1: Expected Result | F1: Result | G1: Witness | H1: Date | I1: Notes
A2: FDS-05-034 — Die-Cast-Origin Tool + Cavity Required on Lot Create
A3: FAT-DC-030 | B3: Open cavity basket | C3: Mounted die with defined cavities | D3: Open a new accumulating basket for a specific cavity | E3: A LOT is created for that (tool,cavity) with a printed LTT; the LOT records Die# and Cavity#
A4: FDS-05-035 — Tools System of Record — On Lot, Not On ProductionEvent
A5: FAT-DC-140 | B5: Tools system of record | C5: A die-cast-origin LOT with tool + cavity | D5: Inspect where Tool/Cavity are stored and check a downstream LOT | E5: Tool and Cavity live on Lots.Lot (never on ProductionEvent); a downstream finished-good LOT carries NULL Tool/Cavity but resolves the die via genealogy
A6: FDS-05-004 — Manufactured LOT Creation (Die Cast) — Per-Cavity Open Basket
A7: FAT-DC-130 | B7: Manufactured LOT creation | C7: A mounted die at a die-cast machine terminal | D7: Open a new per-cavity basket and confirm the LOT origin | E7: LOT is created with LotOriginType=Manufactured at the machine, ToolId/ToolCavityId set, status Open, PieceCount 0
A8: FDS-05-039 — Die Cast Basket Lifecycle: Open → Accumulate → Release / Void
A9: FAT-DC-040 | B9: Open cavity basket | C9: One open basket already exists on a cavity | D9: Attempt to open a second basket on the same cavity | E9: System refuses — one open basket per (tool cavity) is enforced
A10: FDS-05-040 — Shift-Output Recording (the Accumulate action)
A11: FAT-DC-150 | B11: Shift-output accumulate | C11: An open cavity basket | D11: Record shift output (the accumulate action) across two shifts | E11: Each shift's net-good contribution is added to the open basket via DieCastContribution; the basket accumulates across shifts and operators until released
A12: FDS-05-041 — Basket Release (Open → Good)
A13: FAT-DC-090 | B13: Release basket to storage | C13: An open basket has accumulated good pieces | D13: Release the basket | E13: Basket transitions Open → Good and moves to warehouse storage (first route movement); it now appears in the Trim IN queue
A14: FAT-DC-100 | B14: Under-fill release warning | C14: An open basket below the fill target | D14: Release a basket under the soft ceiling | E14: A warning is shown (5% tolerance) but release is permitted — soft ceiling never hard-blocks | I14: BRA refinement
A15: FDS-05-042 — Basket Void (Open → Scrap)
A16: FAT-DC-110 | B16: Void empty basket | C16: An open basket with zero good pieces | D16: Void the empty basket | E16: Empty Open basket transitions to Scrap; no storage movement
A17: FDS-06-001 — Die Cast Production Screen — Open Panel + Shift-Output Entry (amended 2026-07-29)
A18: FAT-DC-010 | B18: Die Cast entry screen | C18: Terminal assigned a Die Cast Machine flavor; a die is mounted | D18: Navigate to the Die Cast Entry screen | E18: Screen loads showing the mounted tool, its cavities, and the current shift; Open / Record / Release tabs present
A19: FAT-DC-020 | B19: Die Cast entry screen | C19: Die Cast Entry open | D19: Inspect the header/rail information | E19: Date/time + shift, machine, part number, die and cavity, good/scrap counts, and logged-in operator initials are all shown
A20: FDS-06-002 — Die Cast Validation (amended 2026-07-29)
A21: FAT-DC-160 | B21: Die cast validation | C21: A die-cast entry with an item whose route lacks a DieCast step | D21: Attempt to open/record for an ineligible item | E21: Pre-record validation blocks: the item must be eligible at the cell and have a published DieCast-role route step; a clear warning is shown
A22: FDS-06-003 — Die Cast Shift-Output Recording (amended 2026-07-29)
A23: FAT-DC-050 | B23: Record shift output | C23: An open basket exists on at least one cavity | D23: Enter the gross shot count and any scrap for the shift and submit | E23: Good = gross − scrap − shot-loss is credited to the open basket(s); a production/contribution record is written with operator, machine, die, cavity, counts
A24: FAT-DC-070 | B24: Record shift output — shot loss | C24: Recording shift output | D24: Register a whole-shot loss | E24: Shot loss fans out across every open cavity LOT on the tool and reduces computed good
A25: FDS-06-015 — Production Event Immutability (FRS 3.5.4)
A26: FAT-DC-170 | B26: Production event immutability | C26: A recorded die-cast shift-output / production event | D26: Attempt to edit or delete the production event | E26: ProductionEvent rows are append-only — no update or delete path; corrections are new events
A27: FDS-06-016 — Production Event Fields
A28: FAT-DC-180 | B28: Production event fields | C28: A recorded production event | D28: Inspect the production event fields | E28: Event carries LotId, LocationId, TerminalLocationId, AppUserId, counts, and timestamp; Tool/Cavity are derived via the LOT, not stored on the event
A29: FDS-06-017 — Reject Recording
A30: FAT-DC-190 | B30: Reject recording | C30: Die-cast shift-output entry with scrap | D30: Record a reject with a defect code and quantity | E30: A RejectEvent is written (optional — reject is not required to record production); scrap is additive and does not decrement the basket good count
A31: FDS-06-018 — Reject Event Fields
A32: FAT-DC-200 | B32: Reject event fields | C32: A recorded reject event | D32: Inspect the reject event fields | E32: RejectEvent carries LotId, defect code, reject quantity, scrap source, operator, terminal, and timestamp
A33: FDS-06-019 — Reject Data Classification and Scrap Handling Patterns
A34: FAT-DC-060 | B34: Record shift output — scrap | C34: Recording shift output | D34: Enter one or more scrap reasons with quantities | E34: Scrap is recorded additively as a separate metric and never decrements the basket good count
A35: Blue Ridge / Non-FDS
A36: FAT-DC-080 | B36: Die shot-count initialization | C36: Commissioning/deploy checklist item | D36: Verify the die shot-count was initialized to the current physical count at commissioning | E36: Die shot counter reflects the real starting shot count (deploy-day step) | I36: FRS 3.14.8 — commissioning
A37: FAT-DC-120 | B37: Basket overflow gate | C37: Recording output that would exceed the basket ceiling | D37: Submit output over the ceiling | E37: Overflow-resolution popup offers fill+release+new-LTT or overfill; operator choice is honored | I37: BRA refinement

Sheet Trim
A1: TestID | B1: Workflow | C1: Precondition | D1: Step | E1: Expected Result | F1: Result | G1: Witness | H1: Date | I1: Notes
A2: FDS-06-004 — Trim IN (FRS 2.2.3)
A3: FAT-TRIM-010 | B3: Trim IN | C3: A released die-cast LOT sits in this Trim area's IN queue; terminal bound to the Trim shop | D3: Scan the LTT barcode of an arriving LOT (or pick it from the FIFO queue) | E3: A LotMovement is recorded to the Trim Shop Area; the LOT is checked in at Trim at area resolution (no line/cell tracking)
A4: FAT-TRIM-020 | B4: Trim IN | C4: Trim terminal bound to its shop zone | D4: Inspect the Trim IN queue | E4: Queue lists die-cast LOTs whose next pending route step is Trim, scoped to the terminal's Trim zone, ordered FIFO by arrival
A5: FDS-06-005 — Weight-Based Piece Count Estimation
A6: FAT-TRIM-030 | B6: Weight-based piece count | C6: A LOT checked in at Trim; its Item has a UnitWeight | D6: Read the basket weight from the scale (manual entry or OmniServer) into the weight field | E6: System computes a theoretical count = Weight / Item.UnitWeight and displays it alongside the LOT's current PieceCount
A7: FAT-TRIM-040 | B7: Weight-based piece count | C7: Computed count differs from the LOT's current PieceCount | D7: Accept the new computed count | E7: LOT PieceCount is updated; the adjustment is recorded in LotAttributeChange with old value, new value, and user
A8: FAT-TRIM-050 | B8: Weight-based piece count | C8: Computed count differs from the LOT's current PieceCount | D8: Choose to keep the existing count (or accept the change) | E8: Neither choice blocks production; the count change is logged, never rejected | I8: FRS 2.2.3 - MES takes no action if quantity changed
A9: FDS-06-006 — Trim OUT (ProductionEvent + Whole-LOT Move to Machining)
A10: FAT-TRIM-060 | B10: Trim OUT | C10: A LOT is checked in at this Trim shop | D10: Enter the LOT's shot count and trigger Trim OUT | E10: In one transaction a closing Workorder.ProductionEvent checkpoint is written and the WHOLE LOT is moved into this shop's local Trim Storage (TRIM{N}-STORE); the LOT stays open, no split, no child LOTs | I10: Destination picker retired 2026-07-23 - Trim OUT always deposits to the shop's local Trim Storage; Machining IN assigns the line later
A11: FAT-TRIM-070 | B11: Trim OUT | C11: Recording Trim OUT with sprue/yield scrap | D11: Enter a scrap count and submit | E11: Scrap decrements the LOT: PieceCount is reduced by the scrap count so the LOT arrives in Trim Storage with its real remaining quantity
A12: FAT-TRIM-080 | B12: Trim OUT | C12: A LOT with a known PieceCount | D12: Enter shot + scrap counts whose combined sum exceeds the LOT's PieceCount and submit | E12: System rejects with a clear message - combined shot+scrap can never exceed PieceCount
A13: FAT-TRIM-090 | B13: Trim OUT | C13: A LOT already Trim-OUT'd (now in Trim Storage) | D13: Attempt a second Trim OUT of the same LOT from the Trim station | E13: System rejects - the LOT is no longer at this Trim station (double-checkout block)

Sheet Machining
A1: TestID | B1: Workflow | C1: Precondition | D1: Step | E1: Expected Result | F1: Result | G1: Witness | H1: Date | I1: Notes
A2: FDS-05-022 — Sublot Pattern (Machining)
A3: FAT-MACH-010 | B3: Machining OUT consume-mint | C3: A machined line has open Good castings at its cell and a published SubAssembly BOM consuming that casting | D3: Trigger Machining OUT for a piece count and scan a fresh LTT | E3: A new SubAssembly part-number LOT is minted (its own PieceCount, status, location) carrying a genealogy edge back to the source casting | I3: Machining OUT is a consume-MINT (Workorder.MachiningOut_Mint), not a rename and not a plain same-part split
A4: FDS-05-009 — Machining OUT Sub-LOT Extraction Workflow (Extract-One / Partial-Remainder) (FRS 2.1.4, 2.2.5, 3.9.12)
A5: FAT-MACH-020 | B5: Machining OUT consume-mint | C5: Multiple open same-part castings sit at the cell with different arrival times | D5: Mint a SubAssembly for a quantity spanning more than one casting | E5: Consumption is strict oldest-first (FIFO arrival order) across all open same-part castings at the cell, rolling into the next as each empties; no casting is driven negative
A6: FAT-MACH-030 | B6: Machining OUT consume-mint | C6: A mint consumes two source castings | D6: Complete the mint and inspect genealogy | E6: One ConsumptionEvent + Consumption genealogy edge + closure row is written per source casting (multi-parent traceability); minted LOT is named <oldest-casting-LTT>-NN
A7: FAT-MACH-040 | B7: Machining OUT consume-mint | C7: The source casting is a child line on line-eligible published SubAssembly BOM(s) | D7: Trigger the mint without specifying a produced part | E7: The produced SubAssembly part is auto-derived via BOM child->parent + line eligibility; if more than one producible part matches, the mint is rejected until a ProducedItemId is specified
A8: FDS-05-010 — Partial-Remainder Handling
A9: FAT-MACH-050 | B9: Partial-remainder handling | C9: Requested mint exceeds producible pieces from available castings; partial not allowed | D9: Request a mint larger than can be produced | E9: Mint is rejected and the system reports Available = the maximum producible quantity
A10: FAT-MACH-060 | B10: Partial-remainder handling | C10: Requested mint exceeds producible pieces; partial allowed | D10: Request the oversized mint with partial allowed | E10: System mints floor(totalAvailable / QtyPer); the un-consumed balance stays on the open source castings for a later draw
A11: FDS-05-011 — Split Genealogy Permanence
A12: FAT-MACH-070 | B12: Genealogy permanence | C12: A minted SubAssembly LOT with a recorded consume-mint | D12: Open the genealogy view and trace both directions | E12: Minted LOT -> source castings and casting -> minted children are both queryable; the genealogy edge + closure are permanent and immutable | I12: Machining OUT edges are Consumption (RelationshipTypeId=3), not Split, in the current consume-mint model
A13: FDS-05-033 — Trim → Machining Rename via 1-Line BOM
A14: FAT-MACH-080 | B14: Machining IN FIFO claim | C14: A trimmed LOT sits in local Trim Storage and is eligible for this line | D14: Pick/claim the LOT at Machining IN | E14: The SAME LOT is claimed onto the line and a MachiningIn checkpoint ProductionEvent is recorded; the LOT keeps its identity, item, status and piece count - NO new LOT, NO ConsumptionEvent, NO rename at IN | I14: Trim->Machining rename-via-1-line-BOM is RETIRED; identity change now happens at the Machining OUT mint (FDS-05-009). FDS-05-033 title is stale.
A15: FDS-06-007 — Machining IN (FIFO Pick + Trim → Machining Rename) (FRS 2.2.4)
A16: FAT-MACH-090 | B16: Machining IN FIFO claim | C16: Trimmed LOTs deposited in this shop's Trim Storage | D16: Inspect the line's Machining IN queue | E16: Queue surfaces the Trim-Storage LOTs eligible for this line, ordered FIFO by arrival (LotMovement.MovedAt)
A17: FAT-MACH-100 | B17: Machining IN FIFO claim | C17: An eligible LOT shows in the Machining IN queue | D17: Claim the next LOT to this line | E17: In one transaction the whole LOT is moved Trim Storage -> line and a MachiningIn checkpoint is written; the LOT then drops off every other line's queue
A18: FAT-MACH-110 | B18: Machining IN FIFO claim | C18: Two lines see the same Trim-Storage LOT and another line claims it first | D18: Attempt to claim the already-claimed LOT | E18: Claim is rejected cleanly (LOT was just claimed by another line); no checkpoint written
A19: FAT-MACH-120 | B19: Machining IN FIFO claim | C19: A Trim-Storage LOT whose part is NOT eligible at this line | D19: Attempt to claim it to this line | E19: Claim is rejected - the part is not eligible at this line (authoritative server-side gate)
A20: FDS-06-008 — Machining OUT (Sub-LOT Split on Sublotting Lines, else Auto-Move to Coupled Assembly Cell) (FRS 2.2.5)
A21: FAT-MACH-200 | B21: Machining OUT branch | C21: A machining line configured to mint a SubAssembly | D21: Trigger Machining OUT for the line | E21: Machining OUT mints the SubAssembly via route-driven consume-mint; mints are line-resident | I21: FDS-06-008 title mentions auto-move to a coupled assembly cell — that cell-coupling mechanism is RETIRED; no cell->cell auto-move
A22: FDS-06-009 — Machining Production Event
A23: FAT-MACH-130 | B23: Machining production event | C23: A LOT in process at a machining line | D23: Record a machining production event (submit counters) | E23: A Workorder.ProductionEvent checkpoint is written against the LOT with cumulative counters, operator, terminal and timestamp
A24: FAT-MACH-140 | B24: Machining production event | C24: Recording a machining event with rejects | D24: Enter one or more defect codes with reject quantities and submit | E24: A RejectEvent row is written for each defect code used
A25: FDS-06-022 — Work Order Auto-Generation (Production Type) (FRS 3.1.5) [MVP-LITE]
A26: FAT-MACH-150 | B26: Work orders (background) | C26: Machining screen open | D26: Look for any operator-facing Work Order create/select/login on the machining screen | E26: None present - Production work orders are auto-generated background bookkeeping, invisible to operators | I26: conditional / background - MVP-LITE
A27: FDS-06-023 — Work Order Structure [MVP-LITE]
A28: FAT-MACH-160 | B28: Work orders (background) | C28: Database access to the Workorder schema | D28: Inspect the Workorder.WorkOrder table structure | E28: Schema carries WorkOrderType, ItemId, RouteTemplateId, ToolId (nullable), WorkOrderStatus; work-order operations track per route step | I28: conditional / schema-only
A29: FDS-06-024 — Work Order Independence from Evidence [MVP-LITE]
A30: FAT-MACH-170 | B30: Work orders (background) | C30: A LOT processed through machining with no work order | D30: Record production/consumption/reject evidence and inspect the rows | E30: ProductionEvent / ConsumptionEvent / RejectEvent are written with WorkOrderOperationId NULL - the evidence layer functions standalone | I30: conditional / background
A31: FDS-06-025 — WorkOrderType Code Table [MVP-LITE]
A32: FAT-MACH-180 | B32: Work orders (background) | C32: Fresh migrated database | D32: Query Workorder.WorkOrderType | E32: Exactly one active row is seeded: Production; Demand and Maintenance are FUTURE and NOT seeded | I32: conditional
A33: FDS-06-026 — Future Maintenance-Engine Schema Hooks [FUTURE]
A34: (out of scope — no test required)
A35: FDS-06-030 — WorkOrder BIT-Flag Enumeration
A36: FAT-MACH-190 | B36: Work orders (background) | C36: Database access to Workorder.WorkOrder | D36: Inspect the shipped columns against the live-flag decision | E36: Only Flexware flags confirmed live with MPP ship as columns; dead flags are absent | I36: conditional - Phase 0 live-vs-dead confirmation

Sheet Assembly
A1: TestID | B1: Workflow | C1: Precondition | D1: Step | E1: Expected Result | F1: Result | G1: Witness | H1: Date | I1: Notes
A2: FDS-06-010 — Serialized Assembly (PLC-Integrated)
A3: FAT-ASM-010 | B3: Serialized assembly part cycle | C3: Serialized line with a MIP-integrated PLC; an open container/tray and an identified source LOT | D3: Run one part cycle: PLC asserts DataReady, MES reads PartSN | E3: MES validates the serial (not duplicate, format valid, source LOT not on hold), writes PartValid=1, mints a SerializedPart, places it in the tray as a ContainerSerial, decrements the source LOT per BOM, and writes a Consumption genealogy edge | I3: PLC commissioning / simulator
A4: FAT-ASM-020 | B4: Serialized assembly part cycle | C4: A serial number already recorded in the system | D4: Present a duplicate (or bad-format) PartSN on the next cycle | E4: MES writes PartValid=0 back to the PLC and rejects the part; no SerializedPart / ConsumptionEvent is written | I4: PLC commissioning / simulator
A5: FAT-ASM-030 | B5: Serialized tray completion | C5: A serialized tray filled to its configured part count | D5: Complete the serialized tray | E5: A finished-good LOT is minted (tray = LOT); every SerializedPart for the tray sets ProducingLotId to that LOT and each ConsumptionEvent targets it via ProducedLotId; ContainerSerial still pins each serial to its tray | I5: PLC commissioning / simulator
A6: FDS-06-011 — Serialized Assembly Material Identification (FRS 3.10.6)
A7: FAT-ASM-040 | B7: Serialized material identification | C7: Operation template has RequiresMaterialVerification = true; a GOOD source LOT that is a BOM component | D7: Scan the source LOT's LTT barcode before production | E7: BOM-based verification passes — item matches an active-BOM component, status GOOD, sufficient pieces — and the LOT is accepted as a consumption source
A8: FAT-ASM-050 | B8: Serialized material identification | C8: A LOT whose item is NOT in the active BOM | D8: Scan the wrong-part LOT | E8: System rejects the material with a clear wrong-part error and does not record consumption
A9: FAT-ASM-060 | B9: BOM substitute override | C9: A wrong-part scan blocked by the strict BOM check | D9: A supervisor authorizes a one-shot BOM-substitute override via AD elevation | E9: The scanned LOT is accepted despite the BOM mismatch; an Audit.OperationLog row captures the original BOM expectation, substitute, operator, supervisor, terminal, and timestamp
A10: FDS-06-012 — Hardware Interlock Bypass
A11: FAT-ASM-070 | B11: Hardware interlock bypass | C11: Automation sets HardwareInterlockEnable=false | D11: Run a part cycle in bypass mode | E11: MES accepts PartSN=NoRead, still records the production/serial, flags the NoRead for quality review, sets ContainerSerial.HardwareInterlockBypassed=1, and does NOT block production | I11: PLC commissioning / simulator
A12: FDS-06-013 — Non-Serialized Assembly (Mint Finished-Good LOT; Tray = LOT)
A13: FAT-ASM-080 | B13: Non-serialized tray = LOT mint | C13: Non-serialized assembly cell; FG item eligible; component stock staged at the line | D13: Select the FG item from the eligibility dropdown and complete a tray | E13: A finished-good LOT is minted (origin Manufactured, at the cell) whose PieceCount equals the closure-determined count; the tray references that LOT
A14: FAT-ASM-090 | B14: Non-serialized BOM consumption | C14: A minted FG tray with multiple component LOTs staged | D14: Inspect the component draw after tray completion | E14: BOM components are consumed FIFO oldest-first by CreatedAt into the FG LOT; source LOTs are decremented (and closed at zero); a Consumption edge links each source to the FG LOT
A15: FAT-ASM-100 | B15: Non-serialized insufficient stock | C15: A tray whose BOM needs more component pieces than are staged | D15: Attempt to complete the tray | E15: System refuses and names the short component(s) with need-vs-have (e.g. PartNumber (need X, have Y)); no FG LOT is minted
A16: FDS-06-014 — Tray Validation + Container Accumulation
A17: FAT-ASM-110 | B17: Tray validation | C17: A ByCount container config with a defined PartsPerTray | D17: Complete a tray whose parts count does not match PartsPerTray | E17: System rejects the tray with a count-mismatch message; a matching count is required to close
A18: FAT-ASM-120 | B18: Container accumulation | C18: An open container being filled tray by tray | D18: Complete successive trays and watch the container running count | E18: Each completed tray increments the container by PartsPerTray; the container reports FULL when accumulation reaches TraysPerContainer x PartsPerTray
A19: FAT-ASM-130 | B19: Over-fill tray guard | C19: An open container already at its full target | D19: Attempt to complete another tray onto it | E19: System refuses the tray and prompts to Complete/ship the full container before starting a new tray
A20: FDS-06-020 — Consumption Tracking
A21: FAT-ASM-140 | B21: Consumption tracking | C21: A completed non-serialized tray | D21: Inspect the ConsumptionEvent rows written for the tray | E21: Each event is immutable and records source LOT, ProducedLotId = the FG LOT, consumed item, produced item, piece count, location, operator, terminal, tray, and timestamp
A22: FDS-06-021 — Consumption Genealogy (FRS 3.13.2)
A23: FAT-ASM-150 | B23: Consumption genealogy | C23: A finished-good LOT minted from assembly | D23: Open the genealogy for the FG LOT | E23: A Consumption genealogy edge + closure links the FG LOT back to every component LOT consumed (shape Container -> Tray -> FG LOT -> component LOTs); Honda trace resolves through the closure table
A24: FDS-06-028 — Auto-Finish on Target (Camera / Scale)
A25: FAT-ASM-160 | B25: Completion confirm gate | C25: A terminal with RequiresCompletionConfirm set | D25: Complete a full container at that terminal without confirming | E25: Container_Complete refuses until the operator presses the large Confirm Completion gesture; a terminal without the attribute proceeds with a passive popup
A26: FAT-ASM-170 | B26: Auto-finish on target | C26: A WO configured for camera-count (or scale-weight) auto-finish | D26: Drive cumulative good count (or weight) to the target with the PLC CompletionConfirmed BIT asserted | E26: WO auto-closes only when BOTH the count/weight crossing AND the PLC CompletionConfirmed BIT are true; the crossing alone does not close | I26: WO subsystem CONDITIONAL; PLC commissioning / simulator
A27: FDS-06-029 — Tray-Divisibility Validation on WO Close
A28: FAT-ASM-180 | B28: Tray-divisibility on WO close | C28: A WO whose cumulative good count is not evenly divisible by PartsPerTray | D28: Attempt to close the WO | E28: Close is blocked with "Work order target quantity exceeded. Ensure target quantity is evenly divisible by the tray quantity"; supervisor AD elevation overrides (reason logged) | I28: WO subsystem CONDITIONAL
A29: FDS-07-001 — Container Creation
A30: FAT-ASM-190 | B30: Container creation | C30: An assembly cell with no open container for the FG item | D30: Complete the first tray (non-serialized) or place the first serialized part | E30: A Container is created automatically (assigned config, Open status) and begins filling
A31: FDS-07-002 — Container Status Codes
A32: FAT-ASM-200 | B32: Container status codes | C32: A container progressing through its lifecycle | D32: Complete then ship a container; separately place one on hold / void one | E32: Status is driven by ContainerStatusCode: Open -> Complete -> Shipped, with Hold and Void available for quality disposition
A33: FDS-07-003 — Container Filling — Serialized Lines
A34: FAT-ASM-210 | B34: Serialized container filling | C34: A serialized line with an open container | D34: Place serialized parts through successive tray positions | E34: Each part creates a ContainerSerial (container, tray, serial, position); the tray count advances at PartsPerTray and the container closes at TraysPerContainer | I34: PLC commissioning / simulator
A35: FDS-07-004 — Container Filling — Non-Serialized Lines
A36: FAT-ASM-220 | B36: Non-serialized container filling | C36: A non-serialized line packing a container | D36: Fill and close trays until the container reaches capacity | E36: ContainerTray rows are created as trays close and the container closes when configured capacity is reached
A37: FDS-07-005 — Container Closure
A38: FAT-ASM-230 | B38: Container closure | C38: A full open container with an available AIM shipper ID in the pool | D38: Complete the container | E38: In one atomic local-DB transaction the container flips to Complete, claims the next FIFO AIM shipper ID, stores it on the container, and inserts a ShippingLabel row — no in-between state without an AIM ID
A39: FAT-ASM-240 | B39: Over-target close guard | C39: A container whose accumulated parts exceed the configured target | D39: Attempt to complete the over-filled container | E39: System refuses with a data-integrity error and leaves the container Open for remediation (never ships an over-target container under one AIM ID)

Sheet Third-Party Inspection
A1: TestID | B1: Workflow | C1: Precondition | D1: Step | E1: Expected Result | F1: Result | G1: Witness | H1: Date | I1: Notes
A2: FDS-05-005 — Received LOT Creation (Pass-Through Parts) (FRS 2.1.1, 2.1.12)
A3: FAT-INSP-010 | B3: Received LOT creation | C3: Receiving Dock terminal; a vendor pass-through part | D3: Create a received LOT for the incoming vendor material | E3: A LOT is created with origin Received, recording the vendor lot number and piece count
A4: FAT-INSP-020 | B4: Received LOT label | C4: A just-created received LOT | D4: Observe the LTT label print | E4: An LTT label prints via the dock's Zebra with print reason Initial (no pre-printed tag exists for vendor material) | I4: Zebra simulated in dev
A5: FDS-05-006 — Off-Site Received LOT Creation
A6: FAT-INSP-030 | B6: Off-site received LOT | C6: The same Perspective app reached remotely (VPN / published gateway) | D6: Create a received LOT at an off-site inventory location | E6: The workflow is identical to on-site receiving except origin = ReceivedOffsite and the location is the off-site inventory location
A7: Blue Ridge / Non-FDS
A8: FAT-INSP-040 | B8: Third-party inspection check-in | C8: A third-party inspection terminal | D8: Use the Check In tab to receive a vendor LOT into the inspection queue | E8: The Check In tab (embedded Receiving Dock) creates the received LOT and it appears in the Inspect-tab queue for the station | I8: BRA — third-party inspection station wiring

Sheet Quality Capture & Holds
A1: TestID | B1: Workflow | C1: Precondition | D1: Step | E1: Expected Result | F1: Result | G1: Witness | H1: Date | I1: Notes
A2: FDS-05-013 — Status Codes (FRS 3.16.3)
A3: FAT-QH-010 | B3: LOT status codes | C3: System seeded | D3: Review the seeded LotStatusCode values | E3: Good, Hold, Scrap, Closed, and Open are all present with the correct Name and Description
A4: FAT-QH-020 | B4: LOT status codes | C4: System seeded | D4: Inspect the BlocksProduction flag on each status | E4: Hold / Scrap / Closed block production; Good and Open do not (Open is the die-cast accumulator state)
A5: FDS-05-014 — Status Transition Rules
A6: FAT-QH-030 | B6: Status transition rules | C6: A Good LOT fully consumed/split | D6: Close the LOT (Good to Closed) | E6: Transition is permitted and a LotStatusHistory row is written; Good to Closed is the enabled status-change path
A7: FAT-QH-040 | B7: Status transition rules | C7: A Good LOT | D7: Attempt a disallowed direct status change (e.g. Good to Scrap) | E7: System rejects the transition with a clear message | I7: Lot_UpdateStatus enables only Good to Closed; Hold transitions run through the hold workflow (place/release), Open to Good/Scrap only via die-cast Release/Void. Direct Good to Scrap / Hold to Scrap / Hold to Closed are not wired in the status-change proc.
A8: FDS-05-015 — Status History (FRS 3.16.4)
A9: FAT-QH-050 | B9: Status history | C9: A LOT that has changed status | D9: Open the LOT detail / history | E9: Each transition shows old status, new status, reason, changed-by user, terminal, and timestamp in Eastern time
A10: FDS-07-015 — Container Hold
A11: FAT-QH-060 | B11: Container hold | C11: A container in Complete status | D11: Place a hold on the container from Hold Management | E11: Container status flips to HOLD and a HoldEvent is recorded | I11: AIM PlaceOnHold is a Gateway-async step
A12: FAT-QH-070 | B12: Container hold | C12: A held container | D12: Attempt to load/ship the held container at the Shipping Dock | E12: System refuses to ship a held container
A13: FDS-07-016 — Container Hold Release
A14: FAT-QH-080 | B14: Container hold release | C14: A held container | D14: Release the container hold | E14: Container returns to its pre-hold status (Complete) and is eligible for shipping again | I14: AIM ReleaseFromHold is a Gateway-async step
A15: FDS-08-001 — Hold Placement (FRS 3.16.10)
A16: FAT-QH-090 | B16: Place LOT hold | C16: A Good LOT; Hold Management screen open | D16: Place a hold selecting a hold type and reason | E16: A HoldEvent records LOT, hold type, reason, placed-by user, and timestamp; LOT status transitions to Hold | I16: Hold types include Quality / Customer_Complaint / Precautionary
A17: FAT-QH-100 | B17: Place LOT hold | C17: A LOT already on an open hold | D17: Attempt to place a second hold on the same LOT | E17: System rejects — only one open hold per LOT is allowed
A18: FDS-08-002 — Hold Effect (FRS 3.16.10)
A19: FAT-QH-120 | B19: Hold effect | C19: A LOT placed on Hold | D19: Attempt to consume or advance the held LOT at a workstation | E19: Operation is rejected with a clear message; the BlocksProduction guard prevents production against a held LOT | I19: Universal Lot_AssertNotBlocked guard
A20: FDS-08-003 — Hold Release (FRS 3.16.11)
A21: FAT-QH-130 | B21: Hold release | C21: A LOT on Hold | D21: Release the hold with release remarks | E21: Hold records released-by user, released-at timestamp, and remarks; LOT status returns to its prior status (Good)
A22: FDS-08-004 — Hold Without NCM (FRS 2.1.8)
A23: FAT-QH-140 | B23: Hold without NCM | C23: A LOT to hold precautionarily | D23: Place a Precautionary hold with no non-conformance record | E23: Hold is accepted with no NCM required (NonConformanceId is nullable)
A24: FDS-08-005 — Partial Disposition via Split
A25: FAT-QH-150 | B25: Partial disposition via split | C25: A held LOT where only some parts are suspect | D25: Split the held LOT to isolate the suspect parts | E25: Suspect child LOT can be scrapped while the remainder is released; the split is permanently recorded in genealogy | I25: MVP mechanism for partial quality disposition
A26: FDS-08-006 — Bulk Hold (FRS 3.16.10)
A27: FAT-QH-160 | B27: Bulk hold | C27: Multiple candidate LOTs exist | D27: Search by criteria (part number, die, cavity, date range, location) and place a hold on several LOTs at once | E27: Each selected LOT receives its own HoldEvent and transitions to Hold in a single action
A28: FDS-08-007 — Container Hold Integration
A29: FAT-QH-170 | B29: Container hold integration | C29: A LOT that is the source of a completed container | D29: Place a hold on that source LOT | E29: System alerts that associated containers exist and may also need to be held | I29: SHOULD-level advisory alert
A30: FDS-08-011 — Inspection Recording
A31: FAT-QH-180 | B31: Inspection recording | C31: Inspection Entry screen; an item with a published quality spec | D31: Scan/resolve a LOT | E31: The active published QualitySpec loads and its attributes render as an input repeater | I31: Standalone InspectionEntry view
A32: FAT-QH-190 | B32: Inspection recording | C32: Attribute form rendered for a LOT | D32: Enter measured values and record the sample | E32: A QualitySample header plus one QualityResult per attribute is written; overall Pass/Fail is auto-computed from limits and audited
A33: FAT-QH-200 | B33: Inspection recording | C33: A LOT on Hold | D33: Record an inspection against the held LOT | E33: Inspection is allowed against a LOT in any status including Hold
A34: FDS-08-012 — Failed Inspection Handling
A35: FAT-QH-210 | B35: Failed inspection handling | C35: A LOT whose measured value is out of limits | D35: Record the inspection | E35: Overall result is Fail and the inspector is alerted; the system does NOT automatically place a hold | I35: Human judgment preserved
A36: FAT-QH-220 | B36: Failed inspection handling | C36: A just-recorded Fail result | D36: Use the one-tap Place Hold affordance | E36: A Quality hold is placed on the LOT from the inspection screen | I36: BRA affordance on InspectionEntry
A37: FDS-08-013 — Quality Attachments
A38: FAT-QH-230 | B38: Quality attachments | C38: A recorded quality sample | D38: Attach a file (PDF/PNG/XLSX/CSV) to the sample | E38: Attachment metadata (file name, type, path, uploaded-at, uploaded-by) is stored in QualityAttachment | I38: Backend built (QualityAttachment_Add/ListBySample procs + NQs + entity script); capture UI limited — no file-upload component wired into InspectionEntry yet
A39: FDS-08-014 — Sample Triggers [CONDITIONAL]
A40: FAT-QH-240 | B40: Sample triggers | C40: Inspection Entry screen | D40: Select a sample trigger (SHIFT_START / DIE_CHANGE / TOOL_CHANGE / etc.) when recording | E40: The chosen trigger is captured on the QualitySample record | I40: CONDITIONAL — sampling workflows
A41: FDS-08-015 — Sample Results as Representative (FRS 2.1.9) [CONDITIONAL]
A42: FAT-QH-250 | B42: Representative sample | C42: A LOT inspected with a passing sample | D42: Review the LOT after a passing then a failing sample | E42: A passing sample represents the whole LOT and it continues; a failing sample flags the LOT for quality review (no auto-hold) | I42: CONDITIONAL — sampling workflows
A43: FDS-08-018 — NCM Scope Boundary [FUTURE]
A44: (out of scope — no test required)
A45: Blue Ridge / Non-FDS
A46: FAT-QH-110 | B46: Hold elevation gate | C46: Logged in as an operator without elevation | D46: Attempt to place or release a hold | E46: Action requires AD elevation before it proceeds | I46: FDS-04-007 per-action elevation for Place/Release

Sheet Movements & Inventory
A1: TestID | B1: Workflow | C1: Precondition | D1: Step | E1: Expected Result | F1: Result | G1: Witness | H1: Date | I1: Notes
A2: FDS-05-007 — Movement Tracking (FRS 3.9.8)
A3: FAT-MOVE-010 | B3: Movement tracking | C3: A Good LOT at a known location | D3: Move the LOT to a new location | E3: An immutable LotMovement row records LOT, from-location, to-location, moved-by user, terminal, and timestamp; CurrentLocationId is updated
A4: FAT-MOVE-020 | B4: Movement tracking | C4: A LOT that has been moved | D4: Open the LOT history | E4: The movement appears in the LOT history with the timestamp in Eastern time
A5: FDS-05-008 — Movement Workflow
A6: FAT-MOVE-030 | B6: Movement workflow | C6: A dedicated terminal with an operator presence established | D6: Scan a LOT on the Movement Scan screen and record the move | E6: Destination defaults to the terminal's parent location (read-only); LOT is looked up by LTT, validated not Closed, and the move is recorded and confirmed
A7: FAT-MOVE-040 | B7: Movement validation | C7: A LOT whose item is not eligible at the chosen destination | D7: Attempt the validated move | E7: System rejects the move — the item must resolve at the destination (or an ancestor tier) | I7: Already-at-this-location is pre-checked and the Move action is disabled
A8: FAT-MOVE-050 | B8: Forward-only move guard | C8: A LOT that has already advanced past an operation step | D8: Attempt to move it back to that earlier operation | E8: Backward move is blocked with a message; a supervisor-override affordance permits it when authorized | I8: Operation-aware forward-only guard
A9: FAT-MOVE-060 | B9: Movement validation | C9: A LOT on Hold or Closed | D9: Attempt to move the LOT | E9: System refuses to move a blocked or closed LOT
A10: FDS-05-037 — LOT Close Semantics
A11: FAT-MOVE-070 | B11: Complete and move | C11: A component LOT (Die Cast / Trim / intermediate Machining) ready to advance | D11: Use the combined Complete + Move action | E11: Status transition and movement happen in one atomic action; a partial basket is only Closed when the operator closes it
A12: FAT-MOVE-080 | B12: Finished-goods close | C12: An assembly finished-goods LOT filling a shipping container | D12: Complete the container | E12: The associated finished-goods LOT auto-closes as part of the Container Complete transaction
A13: FDS-05-032 — Partial Start and Partial Complete
A14: FAT-MOVE-090 | B14: Partial start and complete | C14: A LOT started with N pieces at a workstation | D14: Complete a partial quantity M (M less than or equal to N) later | E14: Start and Complete are independent operations with independent quantities, valid across shift boundaries | I14: Verify at MVP: current build records checkpoint/flexible-operator quantities on the FIFO consume path rather than separate Start/Complete fields — confirm against this requirement
A15: FAT-MOVE-100 | B15: Partial start and complete | C15: Start/Complete/Scrap events recorded for a LOT | D15: Review the derived in-process quantity | E15: In-process quantity is derived by event replay rather than a running atomic counter
A16: FDS-05-038 — Pausable LOT at Workstation
A17: FAT-MOVE-110 | B17: Pause LOT | C17: A partially-progressed LOT at a Cell | D17: Pause the LOT to work another LOT at the same Cell | E17: An open PauseEvent is written; the paused LOT keeps its partial state and the operator can run other LOTs at that Cell | I17: Pause is orthogonal to LOT status — no Paused status row
A18: FAT-MOVE-120 | B18: Resume paused LOT | C18: A Cell with one or more open pauses | D18: Tap the Paused-LOT indicator and resume a LOT from the list | E18: Indicator shows the open-pause count; selecting and confirming resumes via LotPause_Resume and records ResumedByUserId (may differ from the pauser) | I18: No auto-prompt to resume; no TTL
A19: FAT-MOVE-130 | B19: Pause guards | C19: A blocked LOT and a LOT already paused at a Cell | D19: Attempt to pause a held/closed LOT and to open a second pause at the same Cell | E19: Blocked/closed LOT cannot be paused; at most one open pause per (LOT, location) is enforced
A20: FDS-07-013 — Shipping Validation
A21: FAT-MOVE-140 | B21: Shipping validation | C21: A container with a shipping label at the Shipping Dock | D21: Scan the container's shipping label | E21: System validates the container is Complete (not Hold/Void/already Shipped) and the label is not void before loading
A22: FAT-MOVE-150 | B22: Shipping validation | C22: A container that is on hold / void / not Complete | D22: Scan the label at the dock | E22: System prevents loading and displays the reason
A23: FDS-07-014 — Ship Confirmation
A24: FAT-MOVE-160 | B24: Ship confirmation | C24: A valid Complete container with a non-void label | D24: Confirm the ship | E24: Container status flips to Shipped, it moves to the shipping-out location, and the event is logged to Audit.OperationLog | I24: Container has no source LotId — traceability is the container's own location move + ContainerShipped audit, not a per-LOT LotMovement
A25: FDS-07-017 — Sort Cage Workflow (FRS 2.1.10, 2.2.7)
A26: FAT-MOVE-170 | B26: Sort cage re-pack | C26: A held container of serialized parts sent to the Sort Cage | D26: Unpack and re-pack a good serialized part into a new open container | E26: ContainerSerial is updated to the new container/tray position (SortCage_MigrateSerial); the destination container must be Open | I26: MVP-EXPANDED
A27: FAT-MOVE-180 | B27: Sort cage audit trail | C27: A serial migrated at the Sort Cage | D27: Review the migration record | E27: A ContainerSerialHistory row captures old/new container and tray position, migration reason, and migrated-by user
A28: FAT-MOVE-190 | B28: Sort cage label/AIM side-effects | C28: A re-sort producing new LOTs and re-packed containers | D28: Verify the downstream label and AIM steps fire | E28: New LTT labels (reason SORT_CAGE), new shipping labels, voiding of old labels, and AIM UpdateAim for serial migrations occur | I28: Commissioning/partially-unwired: confirm which side-effects (new-LTT/label print, old-label void, AIM UpdateAim) are actually wired — the migrate-serial proc updates ContainerSerial only; label + AIM fan-out may be commissioning-time
A29: FDS-07-018 — Sort Cage Scope Boundary
A30: FAT-MOVE-200 | B30: Sort cage scope boundary | C30: A Sort Cage disposition | D30: Disposition good vs bad parts | E30: Disposition uses holds, splits, scrap, and re-pack; no formal NCM disposition codes or rework routing are surfaced (FUTURE)
A31: FDS-07-019 — Sort Cage Is Not a LOT Merge Event
A32: FAT-MOVE-210 | B32: Sort cage is not a merge | C32: A serialized part migrated from a held container into a new container | D32: Inspect genealogy after the migration | E32: No LotGenealogy merge record is created; SerializedPart.LotId still points to the original source LOT (traceability preserved through the serial)
A33: FAT-MOVE-220 | B33: Sort cage scrap disposition | C33: A defective part identified during Sort Cage inspection | D33: Disposition the defective part | E33: Scrap follows the split-to-scrap workflow (a Split genealogy record), never a Merge record

Sheet LOT Traceability & Genealogy
A1: TestID | B1: Workflow | C1: Precondition | D1: Step | E1: Expected Result | F1: Result | G1: Witness | H1: Date | I1: Notes
A2: FDS-05-001 — LOT Uniqueness (FRS 3.9.6)
A3: FAT-TRC-010 | B3: LOT identity | C3: Any LOT created in the system | D3: Attempt to create a LOT with a duplicate LOT name | E3: System rejects the duplicate; LOT names are unique and conform to the MPP format
A4: FAT-TRC-020 | B4: LOT identity | C4: A LOT exists | D4: Open the LOT detail and compare the LOT ID and LOT Name | E4: LOT ID is used as the LOT Name (identical)
A5: FDS-05-002 — LTT Pre-Printing (FRS 2.2.1)
A6: FAT-TRC-130 | B6: LTT pre-printing | C6: A batch of pre-printed LTT barcodes; none pre-registered | D6: Scan an unused LTT to create a LOT then rescan an already-used one | E6: Creating on first scan succeeds (no pre-registration); rescanning a used LTT is rejected as duplicate
A7: FDS-05-003 — LOT Attributes (FRS 3.9.6, 2.2.2)
A8: FAT-TRC-030 | B8: LOT attributes | C8: A LOT exists | D8: Review the LOT attributes on LOT detail | E8: Part number, piece count, max piece count, serial range (where applicable), weight, vendor lot, and hold state are all present
A9: FDS-05-031 — LOT Computed Quantities (TotalInProcess, InventoryAvailable)
A10: FAT-TRC-140 | B10: Computed quantities | C10: A LOT with production + consumption events | D10: Open LOT detail and read TotalInProcess and InventoryAvailable | E10: Both derive live from the v_LotDerivedQuantities view (event tables), not materialized columns; values reconcile with the events
A11: FDS-05-036 — Lazy, Operator-Driven LOT Creation
A12: FAT-TRC-150 | B12: Lazy operator-driven create | C12: No LOT pre-exists for an operation | D12: Create the LOT at the moment of the operator's first action | E12: The LOT record is created on demand at operator action (lazy), never pre-provisioned
A13: FDS-05-012 — Merge Capability (FRS 3.9.13)
A14: FAT-TRC-070 | B14: Merge genealogy | C14: Two same-part Good LOTs meeting merge rules | D14: Merge the LOTs into a new LOT | E14: A new LOT is created; merge rules (part match, die-rank, quality status) are enforced; genealogy retained
A15: FDS-05-025 — Post-Sort Requirement (FRS 3.13.1)
A16: FAT-TRC-170 | B16: Post-sort merge gate | C16: Two LOTs proposed for merge that have not completed sort/inspection | D16: Attempt the merge | E16: Merge is gated — LOTs must satisfy the post-sort requirement before merging | I16: Verify: sort-completion gate
A17: FDS-05-026 — Part Number Match (FRS 3.9.13)
A18: FAT-TRC-180 | B18: Merge part-number match | C18: Two LOTs of different part numbers | D18: Attempt to merge them | E18: Merge is rejected — only same-part-number LOTs may merge
A19: FDS-05-027 — Die Rank Compatibility
A20: FAT-TRC-190 | B20: Die-rank compatibility | C20: Two same-part LOTs from incompatible die ranks | D20: Attempt to merge them | E20: Merge is rejected on die-rank incompatibility (DieRankCompatibility); a supervisor override is available where policy allows
A21: FDS-05-028 — Quality Status Gating
A22: FAT-TRC-200 | B22: Merge quality-status gating | C22: Two LOTs where one is not Good | D22: Attempt to merge them | E22: Merge is rejected — all merge inputs must be Good (non-Good blocked)
A23: FDS-05-029 — Machining Is Not a Merge — FIFO-by-Cavity (FRS 3.13.1)
A24: FAT-TRC-210 | B24: Machining is not a merge | C24: A machining line consuming multiple castings | D24: Inspect how machining combines input LOTs | E24: Machining uses FIFO-by-cavity consume-mint, not a merge; no merge genealogy record is created
A25: FDS-05-030 — Post-Merge LOT Has NULL Tool / Cavity
A26: FAT-TRC-220 | B26: Post-merge null tool/cavity | C26: A LOT produced by a merge | D26: Inspect the merged output LOT's tool/cavity | E26: Merged LOT has NULL Tool/Cavity (provenance preserved via genealogy to the inputs)
A27: FDS-05-016 — Genealogy Graph
A28: FAT-TRC-060 | B28: Split genealogy | C28: A LOT with sufficient pieces | D28: Split the LOT into sub-LOTs | E28: Sub-LOT → parent relationship is retained; genealogy edge and closure are recorded
A29: FAT-TRC-110 | B29: Quality linkage through splits | C29: A LOT with a quality result that is later split | D29: Split the inspected LOT and view the sub-LOT | E29: Quality-result linkage is preserved through the split
A30: FDS-05-017 — Bidirectional Query (FRS 3.13.2)
A31: FAT-TRC-080 | B31: Genealogy to origin | C31: A LOT that has been split/consumed | D31: Open the genealogy view and trace backward | E31: Full genealogy is presented back to the originating LOT(s)
A32: FAT-TRC-090 | B32: LOT history | C32: A LOT with production/movement/reject history | D32: Open LOT detail history | E32: Complete process history + genealogy for the life of the LOT is shown, timestamps in Eastern time
A33: FDS-05-018 — Genealogy Report
A34: FAT-TRC-160 | B34: Genealogy report | C34: A LOT with multi-level genealogy | D34: Open the genealogy report/view | E34: The report presents the full parent/child tree with production events and is viewable on screen
A35: FDS-05-021 — Attribute Change Log (FRS 3.9.6)
A36: FAT-TRC-040 | B36: Attribute-change audit | C36: A LOT exists | D36: Change a LOT attribute (e.g. piece count) as an authorized user | E36: The change is recorded in the LOT attribute-change history with old/new value, user, and station
A37: FAT-TRC-050 | B37: Attribute-change authorization | C37: Logged in as an operator without elevation | D37: Attempt a restricted LOT-attribute change | E37: Change is blocked/elevation-gated; when performed it is audited with the logged-in user and terminal
A38: FDS-12-001 — LOT Genealogy Report (FRS 3.13.2)
A39: FAT-TRC-100 | B39: Genealogy report export | C39: A finished-good LOT with full genealogy | D39: Request the genealogy report and export | E39: Report is viewable on screen and exports to Excel or PDF; selectable by serial/lot/sub-lot
A40: FDS-12-002 — Serialized Item Search (FRS 3.13.2)
A41: FAT-TRC-230 | B41: Serialized item search | C41: A serialized part with a known serial | D41: Search by serial number in the trace/search tool | E41: The serialized part resolves with its producing LOT and container
A42: FDS-12-003 — Container Search
A43: FAT-TRC-240 | B43: Container search | C43: A known container | D43: Search by container / AIM shipper id | E43: The container resolves with its contents and shipping label
A44: FDS-12-004 — LOT Search
A45: FAT-TRC-250 | B45: LOT search | C45: A LOT known by LOT/part/vendor | D45: Search by LOT number, part number, or vendor lot | E45: Matching LOTs are returned with status and location
A46: FDS-12-009 — In-Process LOT Tracking
A47: FAT-TRC-260 | B47: In-process LOT tracking | C47: LOTs in process across the plant | D47: Open the in-process LOT report | E47: Active LOTs are listed with their current location and status | I47: Verify: report screen availability
A48: FDS-12-010 — Hold Status Report
A49: FAT-TRC-270 | B49: Hold status report | C49: LOTs/containers on hold | D49: Open the hold status report | E49: Open holds are listed with type, reason, age, and subject
A50: FDS-12-011 — Shipping History
A51: FAT-TRC-280 | B51: Shipping history | C51: Shipped containers over a date range | D51: Open the shipping history report | E51: Shipped containers list with AIM shipper id, part, quantity, and ship time | I51: Verify: report screen availability
A52: FDS-12-012 — Home-Tile Trace Access
A53: FAT-TRC-290 | B53: Home-tile trace access | C53: The plant-floor home screen | D53: Open the Global Trace tool from the home tile | E53: A Trace tile/entry point is present and opens the Global Trace tool
A54: FDS-12-013 — Trace Input
A55: FAT-TRC-300 | B55: Trace input | C55: The Global Trace tool | D55: Enter a trace identifier (LOT / serial / container / part) | E55: The tool accepts and resolves multiple identifier types
A56: FDS-12-014 — Trace Output
A57: FAT-TRC-310 | B57: Trace output + Honda export | C57: A resolved trace subject | D57: Produce the trace output and export | E57: Full upstream/downstream genealogy is displayed and exports to Honda-format PDF/CSV | I57: Primary Honda deliverable
A58: FDS-12-015 — Banners-Only In-MVP
A59: FAT-TRC-320 | B59: Banners-only notifications | C59: A trace/quality condition raising a notification | D59: Observe the MVP notification posture | E59: Notifications surface as in-app banners only (no email/SMS) in MVP
A60: FDS-16-001 — IdentifierSequence Table
A61: FAT-TRC-330 | B61: Identifier sequence table | C61: System seeded | D61: Inspect the IdentifierSequence table | E61: MESL (LOT) and MESI (serialized) sequences are seeded with their formats
A62: FDS-16-002 — IdentifierSequence_Next Proc
A63: FAT-TRC-340 | B63: Identifier next-value | C63: Concurrent LOT creation | D63: Mint identifiers under concurrent load | E63: IdentifierSequence_Next issues gap-free unique values under row-locking; no duplicates under concurrency
A64: FDS-16-003 — Cutover-Day Seeding
A65: FAT-TRC-350 | B65: Cutover-day seeding | C65: Cutover checklist | D65: Verify the identifier sequences are seeded to the agreed cutover start values | E65: Sequences start at the MPP-agreed cutover values (e.g. a +10,000 offset) so new IDs never collide with legacy | I65: deploy-day step
A66: Blue Ridge / Non-FDS
A67: FAT-TRC-120 | B67: Ingot exclusion | C67: A produced die-cast part | D67: Trace the part genealogy toward raw material | E67: Aluminum ingots are NOT part of the produced-part genealogy (correctly absent) | I67: FRS 3.9.1

Sheet Shift & Downtime
A1: TestID | B1: Workflow | C1: Precondition | D1: Step | E1: Expected Result | F1: Result | G1: Witness | H1: Date | I1: Notes
A2: FDS-09-001 — Manual Downtime Entry (FRS 3.15.1)
A3: FAT-SHIFT-010 | B3: Manual downtime entry | C3: Terminal assigned to a Cell/machine; Downtime Manager reachable from the plant-floor header | D3: Open the Downtime Manager and start a new manual downtime event | E3: A downtime event opens with the machine auto-populated from the terminal location; reason code, start time, and remarks are captured
A4: FAT-SHIFT-020 | B4: Manual downtime entry | C4: An open downtime event exists on this machine | D4: End the open event when the machine resumes | E4: Event is closed (EndedAt set); duration is computed; the event is stamped with the operator
A5: FAT-SHIFT-030 | B5: Add a past downtime event | C5: Downtime Manager open | D5: Use Add-Past to record a fully-elapsed downtime event with start and end in the past | E5: A closed historical event is recorded and shift-stamped; it appears in the terminal's event list | I5: BRA affordance (DowntimeEvent_RecordHistorical)
A6: FDS-09-002 — PLC-Triggered Downtime (FRS 3.15.2)
A7: FAT-SHIFT-040 | B7: PLC-triggered downtime | C7: PLC downtime is not yet commissioned for this line | D7: Confirm the PLC-stop watcher exists and a PLC-sourced event can carry a null reason for later assignment | E7: Design supports source=PLC events with a null reason the operator assigns after the fact; PLC auto-trigger is commissioning-gated (watcher present, no-op until configured) | I7: PLC auto-downtime gated pending commissioning
A8: FAT-SHIFT-050 | B8: PLC-triggered downtime | C8: A downtime event with source=PLC and no reason code | D8: Assign a reason code to the unclassified PLC-sourced event | E8: Reason is bound after the fact and the event is reclassified
A9: FDS-09-003 — Open Downtime Events
A10: FAT-SHIFT-060 | B10: Open downtime visibility | C10: A machine with an active (unended) downtime event | D10: View the machine's production screen / plant-floor header | E10: The open event is shown prominently (line-down indicator); open events remain visible until closed
A11: FDS-09-004 — Downtime Event Immutability
A12: FAT-SHIFT-070 | B12: Downtime immutability | C12: An existing downtime event | D12: Attempt to edit the event's StartedAt | E12: StartedAt is immutable and cannot be overwritten; only EndedAt, reason code, and remarks are editable
A13: FAT-SHIFT-080 | B13: Downtime void | C13: An erroneous downtime event | D13: Void the event from the Downtime Manager | E13: Event is soft-voided (append-only, no hard delete): marked voided with reason/user, closed if still open, excluded from rollups but still visible | I13: BRA — soft void, double-void rejected
A14: FDS-09-005 — Downtime Reason Code Filtering
A15: FAT-SHIFT-090 | B15: Reason-code filtering | C15: Downtime Manager open on a machine in a known area | D15: Select a reason type then pick a specific code | E15: Reason codes are filtered by the machine's area and by reason type; operator selects the type first, then the code within it | I15: Types: Equipment, Mold, Quality, Setup, Miscellaneous, Unscheduled
A16: FDS-09-009 — Shift Instances, Event-Derived Runtime
A17: FAT-SHIFT-230 | B17: Shift instances event-derived | C17: A shift schedule active for the line | D17: Start and end a shift via events | E17: Shift instances are event-derived at runtime (Shift_Start / Shift_End, toggle-per-break); no pre-computed minutes; the reconcile ticker snaps boundaries to schedule
A18: FDS-09-010 — Shift-Downtime Association
A19: FAT-SHIFT-100 | B19: Shift-downtime association | C19: A downtime event started within a shift window | D19: Inspect the event's shift association | E19: Event is associated with the shift instance in which it started (ShiftId FK)
A20: FAT-SHIFT-110 | B20: Shift-boundary handling | C20: A downtime event still open at a shift boundary | D20: Cross the shift boundary without resuming the machine | E20: Event is not auto-split; it stays associated with the shift it started in and remains open until the incoming operator closes it
A21: FDS-09-013 — End-of-Shift Time Entry (FRS 3.15.2)
A22: FAT-SHIFT-120 | B22: End-of-shift time entry | C22: Logged in on a dedicated-flavor terminal near scheduled shift end | D22: Open the shift end-time-entry control and toggle the breaks taken | E22: A toggle button appears per scheduled break; tapping selects/deselects with no numeric duration entry; the control is visible only ~15 min before through ~15 min after scheduled shift end
A23: FAT-SHIFT-130 | B23: End-of-shift time entry | C23: Break buttons toggled | D23: Submit the end-of-shift entry | E23: One closed DowntimeEvent is written per selected break with duration resolved from the schedule (not operator-entered); one submission per operator per shift (re-submit rejected)
A24: FAT-SHIFT-140 | B24: End-of-shift time entry (shared flavor / zero breaks) | C24: Shared-flavor terminal at shift end | D24: Enter initials and submit with no breaks selected | E24: Initials resolve to an AppUser and stamp the submission; selecting zero breaks is valid — no DowntimeEvent rows written but the shift-end acknowledgement is still recorded
A25: FDS-09-014 — Early-Start Behaviour
A26: FAT-SHIFT-150 | B26: Early-start behaviour | C26: Production recorded before the scheduled shift start | D26: Record a production event with a timestamp earlier than scheduled start | E26: Event is accepted without rejection; the availability window expands backward to the earliest event
A27: FAT-SHIFT-160 | B27: Shift-not-run auditability | C27: A scheduled shift with zero production events across its whole window | D27: Advance past the scheduled window and inspect the shift | E27: An Oee.Shift instance is still created and reports as zero-run for auditability | I27: Reconcile ticker snaps boundaries (Oee.Shift_Reconcile)
A28: FDS-09-015 — Shift-End Summary Screen
A29: FAT-SHIFT-170 | B29: Shift-end summary | C29: Terminal with open downtime, open LOT pauses, and in-process LOTs at its Cell | D29: Open the Shift-End Summary (or trigger Handover) | E29: A read-only one-screen summary lists open downtime events, open LOT pauses, and in-process LOTs at the terminal's Cell(s)
A30: FAT-SHIFT-180 | B30: Shift-end handover acknowledgement | C30: Shift-End Summary displayed | D30: Acknowledge the summary as the outgoing operator | E30: Handover acknowledgement is recorded to Audit.OperationLog (ShiftHandoverAcknowledged); the summary is optional and may be skipped without affecting open events/pauses
A31: FDS-09-011 — OEE Scope Boundary [FUTURE]
A32: (out of scope — no test required)
A33: FDS-12-005 — Die Shot Report (FRS 5.6.6)
A34: FAT-SHIFT-190 | B34: Die Shot report | C34: Die-cast production and rejects captured for a die over a shift | D34: Request a Die Shot report for a die and shift | E34: Report shows total shots, good shots, warm-up shots, and reject counts per die per shift | I34: Inputs captured (DieCastContribution/shift output); dedicated report screen pending in this build
A35: FDS-12-006 — Rejects Report (FRS 3.5.4)
A36: FAT-SHIFT-200 | B36: Rejects report | C36: Rejects recorded with defect codes across machines | D36: Request a Rejects report filtered by defect code / area / machine / date range | E36: Report shows reject counts grouped by defect code with area/machine/date-range filters | I36: Inputs captured; dedicated report screen pending in this build
A37: FDS-12-007 — Downtime Report (FRS 3.15.0)
A38: FAT-SHIFT-210 | B38: Downtime report | C38: Downtime events captured across a date range | D38: Request a Downtime report filtered by reason code / reason type / area / machine / date range | E38: Report shows downtime events by reason code and type with total downtime minutes per shift | I38: Inputs captured via Downtime Manager/DowntimeEvent; dedicated report/CSV-export screen pending in this build
A39: FDS-12-008 — Production Report (FRS 3.5.4)
A40: FAT-SHIFT-220 | B40: Production report | C40: Production output recorded by part / machine / shift | D40: Request a Production summary report over a date range | E40: Report summarizes output by part number, machine, and shift with good count, reject count, and yield | I40: Inputs captured; dedicated report screen pending in this build

Sheet Labels & Printing
A1: TestID | B1: Workflow | C1: Precondition | D1: Step | E1: Expected Result | F1: Result | G1: Witness | H1: Date | I1: Notes
A2: FDS-05-024 — Sublot Labels
A3: FAT-LBL-010 | B3: Sublot label | C3: A sublot LOT created from a parent | D3: Print the sublot LTT label | E3: The label displays both the sublot's own LotNumber and the ParentLotNumber; the LotLabel row carries a ParentLotId reference
A4: FAT-LBL-020 | B4: Sublot cross-reference | C4: A sublot with a known parent | D4: In the genealogy view, enter either the sublot or the parent number | E4: The system resolves and shows the other number; the parent reference is preserved through reprint
A5: FDS-05-019 — Label Print Tracking
A6: FAT-LBL-030 | B6: Label print tracking | C6: Any LOT with a printable LTT | D6: Print an LTT label | E6: A LotLabel row is recorded with LOT, print reason, rendered ZPL content, printer name, printed-by user, terminal, and timestamp
A7: FDS-05-020 — Print Reasons (FRS 3.13.1, 2.2.1)
A8: FAT-LBL-040 | B8: Print reasons | C8: LOTs reaching each print trigger | D8: Trigger prints across scenarios (LOT creation, damaged reprint, split, merge, sort-cage re-identify) | E8: Each print records the correct reason code — Initial, ReprintDamaged, Split, Merge, or SortCageReIdentify
A9: FDS-07-006 — Shipping Label Generation
A10: FAT-LBL-050 | B10: Shipping label generation | C10: A completed container with a claimed AIM shipper ID | D10: Inspect the generated shipping label | E10: A ZPL shipping label carries the AIM shipper ID, part number, quantity, and Honda-required fields and is sent to the terminal's Zebra | I10: Zebra raw-TCP 9100; simulated in dev
A11: FDS-07-007 — Shipping Label Tracking
A12: FAT-LBL-060 | B12: Shipping label tracking | C12: Shipping labels printed / voided / reprinted | D12: Review the ShippingLabel rows | E12: Every print, void, and reprint is recorded with container, AIM shipper ID, label type, ZPL content, void flag, printed/voided timestamps, and printed-by user
A13: FDS-07-008 — Shipping Label Void
A14: FAT-LBL-070 | B14: Shipping label void | C14: A completed container's shipping label | D14: Void the shipping label | E14: IsVoid=1 and VoidedAt are set, the row is retained (not deleted), and AIM is notified of the void | I14: AIM endpoint simulated in dev
A15: FAT-LBL-080 | B15: Void ID lifecycle | C15: A voided AIM shipper ID | D15: Re-pack the container and close the new container | E15: The voided AIM ID is NOT returned to the pool (permanently consumed); the re-packed container draws a fresh ID from the pool
A16: FDS-07-009 — Shipping Label Reprint (FRS 3.13.1)
A17: FAT-LBL-090 | B17: Shipping label reprint | C17: A damaged/unreadable shipping label | D17: Reprint the label as an authorized user | E17: A NEW ShippingLabel row is created (Initial=0 with a print reason); the original row is unchanged
A18: FDS-07-010 — AIM Shipper ID Local Pool
A19: FAT-LBL-100 | B19: AIM pool FIFO | C19: A pool pre-fetched with AIM shipper IDs for the part | D19: Complete containers and inspect the pool | E19: IDs are consumed FIFO (oldest FetchedAt first) at container close; each consumed row is terminal (ConsumedAt set, pointing at the consuming container)
A20: FAT-LBL-110 | B20: Empty-pool hard fail | C20: An exhausted AIM pool for the part | D20: Attempt to complete a full container | E20: Completion hard-fails before the transaction (container stays Open) and production stops on the line until the pool refills — no soft fallback | I20: OI-33 posture
A21: FDS-07-011 — AIM Hold Notification (FRS 2.3.1)
A22: FAT-LBL-120 | B22: AIM hold notification | C22: A completed container placed on hold | D22: Place the container on hold; then release it | E22: AIM PlaceOnHold is called with the shipper ID on hold and ReleaseFromHold on release; both calls are logged to Audit.InterfaceLog | I22: AIM HTTP endpoint simulated in dev (logs attempt + not-configured status)
A23: FDS-07-012 — AIM Update for Re-Sort (FRS 2.1.10)
A24: FAT-LBL-130 | B24: AIM update for re-sort | C24: A Sort Cage re-pack with serial migration | D24: Re-pack a container with new serials | E24: AIM UpdateAim is called with the new and previous serial parameters and logged to Audit.InterfaceLog | I24: AIM endpoint simulated in dev
A25: FDS-10-008 — Zebra Printer Integration
A26: FAT-LBL-140 | B26: Zebra integration | C26: A terminal with an associated Zebra printer | D26: Print a label from that terminal | E26: ZPL is sent over a TCP socket to the terminal's configured printer; ZPL templates come from configurable LabelTemplate rows, not hard-coded | I26: Zebra raw-TCP 9100; no networked printer in dev (simulated)
A27: FAT-LBL-150 | B27: Async print dispatch + retry | C27: A shipping label queued at container close | D27: Force a print failure at the Zebra | E27: Dispatch is async (Gateway-script-async); on failure the handler retries up to 3 attempts with a 2s gap, then sets PrintFailedAt and surfaces a terminal banner; a stranded-print sweep catches orphaned labels | I27: Print-failure lifecycle; dev SIM fails-fast + logs
A28: FDS-13-001 — AIM Interface Methods
A29: FAT-LBL-160 | B29: AIM interface methods | C29: AIM integration configured | D29: Exercise each AIM trigger | E29: All four methods are implemented and fire on their triggers — GetNextNumber (pool topup), UpdateAim (Sort Cage re-pack), PlaceOnHold (hold), ReleaseFromHold (release) | I29: AIM endpoint simulated in dev; live HTTP wiring at commissioning
A30: FDS-13-002 — AIM Error Handling
A31: FAT-LBL-170 | B31: AIM error handling | C31: An AIM call that fails | D31: Trigger an AIM call while the endpoint is unavailable | E31: The failure is logged to Audit.InterfaceLog with error details, queued for retry, the shipping operator is alerted the call is pending, and the container stays in its current status until the call succeeds | I31: AIM endpoint simulated in dev
A32: FDS-13-003 — AIM Availability
A33: FAT-LBL-180 | B33: AIM availability | C33: A pre-fetched AIM pool with AIM offline | D33: Complete containers during an AIM outage | E33: Containers still complete and stage from the pre-fetched pool and production is not blocked by the AIM outage; only a fully exhausted pool stops closure (per the pool hard-fail)

Sheet Audit Browser
A1: TestID | B1: Workflow | C1: Precondition | D1: Step | E1: Expected Result | F1: Result | G1: Witness | H1: Date | I1: Notes
A2: FDS-11-001 — Operation Log
A3: FAT-AUD-010 | B3: Operation log capture | C3: A shop-floor action available (e.g. move or split a LOT) | D3: Perform the action then open the LOT's history detail | E3: An Audit.OperationLog entry is written with timestamp, user, terminal, location, severity, event type, entity type, entity id, and description | I3: No standalone operation-log browser; witnessed via LOT history detail / DB inspection
A4: FAT-AUD-020 | B4: Operation-log atomicity | C4: A mutating proc that fails after opening its transaction | D4: Trigger a mutation that rolls back | E4: The operation-log write is atomic with the mutation — a rolled-back mutation leaves no orphan log row (write occurs inside the proc transaction) | I4: N/A by inspection
A5: FDS-11-002 — Configuration Log
A6: FAT-AUD-030 | B6: Configuration log browser | C6: Config Tool Audit (Config Log) browser reachable at /audit | D6: Open the browser and apply Entity Type / Severity / date-range / search filters | E6: The Configuration Log lists config changes; Apply filters and Reset clears them; timestamps display in Eastern time
A7: FAT-AUD-040 | B7: Configuration change audit | C7: Config Log browser open | D7: Make an engineering change (e.g. deprecate a downtime reason code), then find it in the Config Log and open its detail | E7: Entry shows the change with a structured old/new JSON diff carrying resolved-name FK sub-objects; detail popup renders the change
A8: FDS-11-003 — Interface Log
A9: FAT-AUD-050 | B9: Interface log capture | C9: An external call path available (AIM or Zebra print) | D9: Trigger the external call and inspect Audit.InterfaceLog | E9: An interface-log row is written with system name, direction (INBOUND/OUTBOUND), event type, and description | I9: No dedicated interface-log browser; witness by DB inspection
A10: FDS-11-004 — Failure Log
A11: FAT-AUD-060 | B11: Failure log browser | C11: Failure Log browser reachable at /failure-log | D11: Cause a rejected mutation (e.g. deprecate an entity with active dependents), then open the Failure Log | E11: Entry shows the attempted timestamp, user, entity, event type, failure reason, procedure name, and a JSON snapshot of the input parameters; detail popup opens
A12: FAT-AUD-070 | B12: Failure-log analytics | C12: Failure Log browser open with several logged rejections | D12: Review the dashboard tiles | E12: Top Rejection Reasons and Top Failing Procedures tiles aggregate the rejections; entity/user/procedure/date filters narrow the list
A13: FDS-11-005 — High-Fidelity Interface Logging
A14: FAT-AUD-080 | B14: High-fidelity interface logging | C14: Interface logging configuration accessible | D14: Enable high-fidelity mode for one target system | E14: Full RequestPayload and ResponsePayload are stored for that system; the mode is toggleable per target system without a restart | I14: N/A by inspection
A15: FDS-11-006 — Event Type Vocabulary
A16: FAT-AUD-090 | B16: Event type vocabulary | C16: Any audit browser with an Event Type facet | D16: Inspect the event type values on log entries | E16: Event types come from the normalized LogEventType table (e.g. LotMoved, DowntimeStarted, ConfigChanged) with no free-text drift; an unseeded code cannot be written
A17: FDS-11-007 — Entity Type Vocabulary
A18: FAT-AUD-100 | B18: Entity type vocabulary | C18: Config Log browser open | D18: Open the Entity Type filter dropdown | E18: Entity types are populated from the normalized LogEntityType table (Lot, DowntimeEvent, DowntimeReasonCode, Location, etc.)
A19: FDS-11-008 — Code-String Signatures for Shared Audit Procs
A20: FAT-AUD-110 | B20: Code-string audit signatures | C20: Access to a shared audit proc call path | D20: Confirm the shared audit procs accept code strings and reject an unresolvable one | E20: Shared audit procs accept event/entity/severity as code strings resolved to ids internally; a code that does not resolve raises an error (surfaces a seeding gap/typo) | I20: N/A by inspection
A21: FDS-11-011 — Ignition JDBC Single-Result-Set Convention
A22: FAT-AUD-120 | B22: Single-result-set convention | C22: Any Ignition-consumed stored procedure | D22: Inspect proc signatures and result-set behavior | E22: Procs return exactly one result set and declare no OUTPUT parameters; mutations emit a single SELECT Status/Message/NewId and reads return an empty set for not-found | I22: N/A by inspection
A23: FDS-11-009 — Retention Policy
A24: FAT-AUD-130 | B24: Retention policy | C24: Partition-maintenance timer configured | D24: Inspect the retention/partition maintenance configuration | E24: Differentiated retention is enforced via the monthly sliding-window partition process — 20-yr Honda traceability vs 7-yr general operational/audit; aged partitions purged in place | I24: Final per-table windows pending MPP IT confirmation (OI-35 B1)
A25: FDS-11-010 — BIGINT Primary Keys
A26: FAT-AUD-140 | B26: BIGINT primary keys | C26: Access to the audit schema | D26: Inspect the four log tables' primary keys | E26: OperationLog, ConfigLog, InterfaceLog, and FailureLog all use BIGINT IDENTITY primary keys for high-volume append | I26: N/A by inspection
